25,25,25,25,25,25,25,25,25,25,25,25,25,25,25,25,25,25,25,25,25,25,25,25,25,25,25,25,25,25,25,25,25,25,25,25,25,25,25,25,25,25,25,25,25,25,25,25,25,25,25,25,25,25,25,25,25,25,25,25,25,25,25,25,25,25,25,25,25,25,25,25,25,25,25,25,25,25,25,25,25,25,25,25,25,25,25,25,25,25,25,25,25,25,25,25,25,25,25,25
25,25,25,25,25,25,25,25,25,25,25,25,25,25,25,25,25,25,25,25,25,25,25,25,25,25,25,25,25,25,25,25,25,25,25,25,25,25,25,25,25,25,25,25,25,25,25,25,25,25,25,25,25,25,25,25,25,25,25,25,25,25,25,25,25,25,25,25,25,25,25,25,25,25,25,25,25,25,25,25,25,25,25,25,25,25,25,25,25,25,25,25,25,25,25,25,25,25,25,25
25,25,25,25,25,25,25,25,25,25,25,25,25,25,25,25,25,25,25,25,25,6,25,25,6,6,25,25,6,25,6,6,25,25,25,25,25,25,25,6,6,6,6,25,25,25,25,25,25,25,25,25,25,25,25,25,25,25,25,25,25,25,25,25,25,25,25,25,25,25,25,25,25,25,25,25,25,25,25,25,25,25,25,25,25,25,25,25,25,25,25,25,25,25,25,25,25,25,25,25
25,25,25,25,25,6,6,6,6,6,6,6,6,6,6,25,25,25,25,25,6,6,6,6,6,6,6,6,6,6,6,6,6,25,25,25,25,25,6,6,6,6,6,6,25,25,25,25,25,25,25,25,25,25,25,25,25,25,25,25,25,25,25,25,25,25,25,25,25,25,25,25,25,25,25,25,25,25,25,25,6,6,25,25,25,6,6,6,25,25,25,6,6,25,25,25,25,25,25,25
25,25,25,25,6,6,6,6,6,6,6,6,6,6,6,6,25,25,25,6,6,6,6,6,6,6,6,6,6,6,6,6,6,6,25,25,25,6,6,6,6,6,6,6,6,6,6,6,6,6,6,6,6,6,6,6,6,25,25,25,25,25,25,25,25,25,25,25,25,25,25,25,25,25,25,25,25,6,6,6,6,6,6,6,6,6,6,6,6,6,6,6,6,6,6,25,25,25,25,25
25,25,25,25,6,6,6,6,6,6,6,6,6,6,6,6,6,25,6,6,6,6,6,6,6,6,6,6,6,6,6,6,6,6,6,6,6,6,6,6,25,25,6,6,72,73,74,6,72,73,74,6,72,73,74,6,6,6,25,25,25,25,25,25,25,25,25,25,25,25,25,25,25,25,6,6,6,6,6,6,6,6,6,6,6,6,6,6,6,6,6,6,6,6,6,6,25,25,25,25
25,25,25,25,6,6,6,6,6,6,6,6,6,6,6,6,6,6,6,6,6,6,6,6,85,6,6,6,6,6,6,25,6,6,6,6,6,6,25,25,25,6,6,6,6,6,6,6,6,6,6,6,6,6,6,6,6,6,6,25,25,25,25,25,25,25,25,25,25,25,6,6,6,6,6,6,6,6,6,6,6,6,6,6,6,6,6,6,6,6,6,6,6,6,6,6,25,25,25,25
25,25,25,25,6,6,6,6,6,6,6,6,6,6,6,6,6,6,6,6,6,6,6,6,25,25,25,25,6,6,6,25,25,6,6,6,6,25,25,25,25,25,6,6,6,6,6,6,6,6,6,6,6,6,6,6,6,6,6,6,6,25,25,25,25,25,25,6,6,6,6,6,6,6,6,6,6,6,6,6,6,6,6,6,6,6,6,6,6,6,6,6,6,6,6,6,6,25,25,25
25,25,25,25,25,6,6,6,6,6,6,6,6,6,6,6,6,6,6,6,6,25,25,4,49,49,49,6,6,6,5,25,25,25,25,25,25,25,25,25,25,25,25,25,6,6,6,6,6,6,6,6,6,6,6,6,6,6,6,6,6,6,6,25,25,6,6,6,6,6,6,6,6,6,6,6,6,6,6,6,6,6,6,6,6,6,6,6,6,6,6,6,6,6,6,6,6,25,25,25
25,25,25,25,25,25,6,6,6,6,6,6,6,6,6,6,6,6,6,6,25,25,25,26,6,6,6,6,6,6,6,25,25,25,25,25,25,25,25,25,25,25,25,6,6,6,6,6,6,6,6,6,6,6,6,6,6,6,6,6,6,6,6,6,6,6,6,6,6,6,6,6,6,6,6,6,6,6,6,6,6,6,6,6,6,6,6,6,6,6,6,6,6,6,6,6,6,25,25,25
25,25,25,25,25,25,25,6,6,6,6,6,6,6,6,6,6,6,6,6,25,25,25,6,6,6,6,6,6,6,6,6,25,25,25,25,25,25,25,25,25,6,6,6,6,6,6,6,6,6,6,6,6,6,6,6,6,6,25,25,6,6,6,6,6,6,6,6,6,6,6,6,6,6,6,6,6,6,6,6,6,6,6,6,6,6,6,25,6,6,6,6,6,6,6,6,25,25,25,25
25,25,25,25,25,25,25,25,6,6,6,6,6,6,6,6,6,6,6,6,25,25,6,6,6,6,6,6,6,6,6,6,6,25,25,25,6,6,6,6,6,6,6,6,6,6,6,6,6,6,6,6,6,6,6,6,6,25,25,25,25,6,6,6,6,6,6,6,6,6,6,6,6,6,6,6,6,6,6,6,6,6,6,6,6,6,25,25,25,6,6,6,6,6,6,6,25,25,25,25
25,25,25,25,25,25,25,25,25,25,25,6,6,25,25,6,6,6,6,6,25,25,6,6,6,6,52,53,6,6,6,6,6,6,6,6,6,6,6,6,6,6,6,25,25,25,6,6,6,6,6,6,6,6,6,6,25,25,25,25,25,25,6,6,6,25,25,25,25,25,25,25,6,6,6,6,6,6,6,6,6,6,6,6,25,25,25,25,25,25,6,6,6,6,6,6,25,25,25,25
25,25,25,25,25,25,25,25,25,25,25,25,25,25,25,25,6,6,6,6,25,25,6,6,6,6,76,77,6,6,6,6,6,6,6,6,6,6,6,6,6,25,25,25,25,25,25,25,25,6,6,6,6,6,6,6,6,25,25,25,6,6,6,6,6,25,25,25,25,25,25,25,25,6,6,6,6,6,6,6,6,6,6,25,25,25,25,25,25,25,25,25,6,6,6,6,25,25,25,25
25,25,25,25,25,25,6,25,6,25,25,6,6,25,25,6,6,6,6,6,25,25,25,6,6,6,6,6,6,6,6,25,6,6,6,6,6,25,25,25,25,25,25,25,25,25,25,25,25,25,25,25,6,6,6,6,6,6,25,6,6,6,6,6,25,25,25,25,25,25,25,25,25,25,6,6,6,6,6,6,6,25,25,25,25,25,25,25,25,25,25,25,25,6,6,6,25,25,25,25
25,25,25,25,25,6,6,6,6,6,6,6,6,6,6,6,6,6,6,25,25,25,25,28,6,6,6,6,6,6,29,25,25,25,25,25,25,25,25,25,25,25,25,25,25,25,25,25,25,25,25,25,25,25,6,6,6,6,6,6,6,6,6,25,25,25,25,25,25,25,25,25,25,25,25,6,6,6,6,6,25,25,25,25,25,25,25,25,25,25,25,25,25,6,6,6,25,25,25,25
25,25,25,25,25,6,6,6,6,6,6,6,6,6,6,6,6,6,6,25,25,25,25,25,6,6,6,6,6,6,25,25,25,25,25,25,25,25,25,25,25,25,25,25,25,25,25,25,25,25,25,25,25,25,6,6,6,6,6,6,6,25,25,25,25,25,25,25,25,25,25,25,25,25,6,6,6,6,25,25,25,25,25,25,25,25,25,25,25,25,25,25,25,6,6,6,25,25,25,25
25,25,25,25,25,6,6,6,6,6,6,6,6,6,6,6,6,6,6,6,25,25,25,6,6,6,25,25,25,25,25,25,25,25,25,25,25,25,25,25,25,25,25,25,25,25,25,25,25,25,25,25,25,25,25,6,6,6,6,6,25,25,25,25,25,25,25,25,25,25,25,25,6,6,6,6,25,25,25,25,25,25,25,25,25,25,25,25,25,25,25,25,25,6,6,6,25,25,25,25
25,25,25,25,6,6,6,6,6,6,6,6,6,6,6,6,6,6,6,6,6,25,25,6,6,6,25,25,25,25,25,25,25,25,25,25,25,25,25,25,25,25,25,25,25,25,25,25,25,25,25,25,25,25,25,6,6,6,6,25,25,25,25,25,25,25,25,25,25,25,6,6,6,6,6,25,25,25,25,25,25,25,25,25,25,25,25,25,25,25,25,25,6,6,6,6,25,25,25,25
25,25,25,25,6,6,6,6,6,6,6,6,6,6,6,25,25,6,6,6,6,6,6,6,6,25,25,25,25,25,25,25,25,25,25,25,25,25,25,25,25,25,25,25,25,25,25,25,25,25,25,25,25,25,25,6,6,6,6,6,25,25,25,25,25,25,25,25,6,6,6,6,6,6,25,25,25,25,25,25,25,25,25,25,25,25,25,25,25,25,25,25,6,6,6,6,25,25,25,25
25,25,25,6,6,6,6,6,6,6,6,25,25,25,25,25,25,25,6,6,6,6,6,6,25,25,25,25,25,25,25,25,25,25,25,25,25,25,25,25,25,25,25,25,25,25,25,25,25,25,25,25,25,25,25,25,6,6,6,6,25,25,25,25,25,25,6,6,6,6,6,6,6,25,25,25,25,25,25,25,25,25,25,25,25,25,25,25,25,25,25,25,6,6,6,6,6,25,25,25
25,25,25,6,6,6,6,6,6,25,25,25,25,25,25,25,25,25,25,6,6,6,6,6,25,25,25,25,25,25,25,25,25,25,25,25,25,25,25,25,25,25,25,25,25,25,25,25,25,25,25,25,25,25,25,25,6,6,6,6,25,25,25,6,6,6,6,6,6,6,6,6,25,25,25,25,25,25,25,25,25,25,25,25,25,25,25,25,25,25,25,25,6,6,6,6,6,25,25,25
25,25,25,6,6,6,6,6,6,25,81,25,25,25,25,25,25,25,25,6,6,6,6,6,25,25,25,25,25,25,25,25,25,25,25,25,25,25,25,25,25,25,25,25,25,25,25,25,25,25,25,25,25,25,25,25,6,6,6,6,25,6,6,6,6,6,6,6,6,6,6,6,6,25,25,25,25,25,25,25,25,25,25,25,25,25,25,25,25,25,25,6,6,6,6,6,6,25,25,25
25,25,25,6,6,6,6,6,6,25,25,25,25,25,25,25,25,25,6,6,6,6,6,25,25,25,25,25,25,25,25,25,25,25,25,25,25,25,25,25,25,25,25,25,25,25,25,25,25,25,25,25,25,25,25,6,6,6,6,6,6,6,6,6,6,6,6,6,6,6,6,6,6,6,25,25,25,25,25,25,25,25,25,25,25,25,25,25,25,25,6,6,6,6,6,6,6,25,25,25
25,25,25,6,6,6,6,6,6,6,25,25,25,25,25,25,25,6,6,6,6,6,25,25,25,25,25,25,25,25,25,25,25,25,25,25,25,25,25,25,25,25,25,25,25,25,25,25,25,25,25,25,25,25,25,6,6,6,6,6,6,6,6,6,6,6,6,25,25,6,6,6,6,6,6,25,25,25,25,25,25,25,25,25,25,25,25,25,25,6,6,6,6,6,6,6,25,25,25,25
25,25,25,6,6,6,6,6,6,6,6,25,25,25,25,25,6,6,6,6,6,25,25,25,25,25,25,25,25,25,25,25,25,25,25,25,25,25,25,25,25,25,25,25,25,25,25,25,25,25,25,25,25,25,6,6,6,6,6,6,6,6,6,6,6,25,25,25,25,6,6,6,6,6,6,6,6,25,25,25,25,25,25,25,25,25,25,25,6,6,6,6,6,6,6,6,25,25,25,25
25,25,25,6,6,6,6,6,6,6,6,6,6,6,6,6,6,6,6,6,25,25,25,25,25,25,25,25,25,25,25,25,25,25,25,25,25,25,25,25,25,25,25,25,25,25,25,25,25,25,25,25,25,25,6,6,6,6,6,6,6,6,6,6,25,25,25,25,25,25,25,6,6,6,6,6,6,6,25,25,25,25,25,25,25,6,6,6,6,6,6,6,6,6,6,25,25,25,25,25
25,25,25,6,6,6,6,6,6,6,6,6,6,6,6,6,6,6,6,25,25,25,25,25,25,25,25,25,25,25,25,25,25,25,25,25,25,25,25,25,25,25,25,25,25,25,25,25,25,25,25,25,25,6,6,6,6,6,6,6,6,6,6,25,25,25,25,25,25,25,25,6,6,6,6,6,6,6,6,25,25,25,6,6,6,6,6,6,6,6,6,6,6,6,25,25,25,25,25,25
25,25,25,25,6,6,6,6,6,6,6,6,6,6,6,6,6,6,25,25,25,25,25,25,25,25,25,25,25,25,25,25,25,25,25,25,25,25,25,25,25,25,25,25,25,25,25,25,25,25,25,25,25,6,6,6,6,6,6,6,25,25,25,25,25,25,25,25,25,25,25,25,25,6,6,6,6,6,6,6,6,6,6,6,6,6,6,6,6,6,25,25,25,25,25,25,25,25,25,25
25,25,25,25,6,6,6,6,6,6,6,6,6,6,6,6,6,25,25,25,25,25,25,25,25,25,25,25,25,25,25,25,25,25,25,25,25,25,25,25,25,25,25,25,25,25,25,25,25,25,25,25,6,6,6,6,6,25,25,25,25,25,25,25,25,25,25,25,25,25,25,25,25,6,6,6,6,6,6,6,6,6,6,6,6,6,6,25,25,25,25,25,25,25,25,25,25,25,25,25
25,25,25,25,25,6,6,6,6,6,6,6,6,6,6,6,25,25,25,25,25,25,25,25,25,25,25,25,25,25,25,25,25,25,25,25,25,25,25,25,25,25,25,25,25,25,25,25,25,25,25,6,6,6,6,6,25,25,25,25,25,25,25,25,25,25,25,25,25,25,25,25,25,25,25,6,6,6,6,6,6,6,6,6,6,25,25,25,25,25,25,25,25,25,25,25,25,25,25,25
25,25,25,25,25,25,6,6,6,6,6,6,6,6,6,25,25,25,25,25,25,25,25,25,25,25,25,25,25,25,25,25,25,25,25,25,25,25,25,25,25,25,25,25,25,25,25,25,25,6,6,6,6,6,6,25,25,25,25,25,25,25,25,25,25,25,25,25,25,25,25,25,25,25,25,6,6,6,6,6,6,6,6,25,25,25,25,25,25,25,25,25,25,25,25,25,25,25,25,25
25,25,25,25,25,25,25,6,6,6,6,6,6,6,25,25,25,25,25,25,25,25,25,25,25,25,25,25,25,25,25,25,25,25,25,25,25,25,25,25,25,25,25,25,25,25,25,6,6,6,6,6,6,6,25,25,25,25,25,25,25,25,25,25,25,25,25,25,25,25,25,25,25,25,25,25,6,6,6,6,6,6,6,6,25,25,25,25,25,25,25,25,25,25,25,25,25,25,25,25
25,25,25,25,25,25,25,6,6,6,6,6,6,25,25,25,25,25,25,25,25,25,25,25,25,25,25,25,25,25,25,25,25,25,25,25,25,25,25,25,25,25,25,25,25,6,6,6,6,6,6,6,25,25,25,25,25,25,25,25,25,25,25,25,25,25,25,25,25,25,25,25,25,25,25,25,25,6,6,25,6,6,6,6,25,25,25,25,25,25,25,25,25,25,25,25,25,25,25,25
25,25,25,25,25,25,6,6,6,6,6,6,25,25,25,25,25,25,25,25,25,25,25,25,25,25,25,25,25,25,25,25,25,25,25,25,25,25,25,25,25,25,25,6,6,6,6,6,6,6,25,25,25,25,25,25,25,25,25,25,25,25,25,25,25,25,25,25,25,25,25,25,25,6,6,25,25,25,6,6,6,6,6,6,6,25,25,25,25,25,25,25,25,25,25,25,25,25,25,25
25,25,25,25,25,6,6,6,6,6,6,25,25,25,25,25,25,25,25,25,25,25,25,25,25,25,25,25,25,25,25,25,25,25,25,25,25,25,25,25,25,25,6,6,6,6,6,6,25,25,25,25,25,25,25,25,25,25,25,25,25,25,25,25,25,25,25,25,25,25,25,25,6,6,6,6,25,25,6,6,6,6,6,6,6,6,25,25,25,25,25,25,25,25,25,25,25,25,25,25
25,25,25,25,6,6,6,6,6,6,6,25,25,25,25,25,25,25,25,25,25,25,25,25,25,25,25,25,25,25,25,25,25,25,25,25,25,25,25,25,25,6,6,6,6,6,6,25,25,25,25,25,25,25,25,25,25,25,25,25,25,25,25,25,25,25,25,25,25,25,25,6,6,6,6,6,6,6,6,6,6,6,6,6,6,6,6,6,6,6,6,6,25,25,25,25,25,25,25,25
25,25,25,25,6,6,6,6,6,6,6,25,25,25,25,25,25,25,25,25,25,25,25,25,25,25,25,6,25,25,25,25,25,25,25,25,25,25,25,25,25,6,6,6,6,6,6,25,25,25,25,25,25,25,25,25,25,25,25,25,25,25,25,25,25,25,25,25,25,25,6,6,6,6,6,6,6,6,6,6,6,6,6,6,6,6,33,6,6,6,6,6,6,25,25,25,25,25,25,25
25,25,25,25,25,6,6,6,6,6,6,6,25,25,25,25,25,25,25,25,25,25,25,25,25,25,6,6,6,25,25,25,25,25,25,25,25,25,25,25,25,6,6,6,6,6,25,25,25,25,25,25,25,25,25,25,25,25,25,25,25,25,25,25,25,25,25,25,25,6,6,6,6,6,6,6,6,6,6,6,6,6,6,6,6,6,6,6,6,6,6,6,6,6,6,25,25,25,25,25
25,25,25,25,25,25,6,6,6,6,6,6,6,25,25,25,25,25,25,25,25,25,25,25,25,6,6,6,6,6,25,25,25,25,25,25,25,25,25,25,25,6,6,6,6,6,25,25,25,25,25,25,25,25,25,25,25,25,25,25,25,25,25,25,25,25,25,25,6,6,6,6,6,6,6,6,6,6,6,6,6,6,6,6,6,6,6,6,6,6,6,3,6,3,6,25,25,25,25,25
25,25,25,25,25,25,25,6,6,6,6,6,6,6,6,25,25,25,25,25,25,25,25,25,6,6,6,6,6,6,6,25,25,25,25,25,25,25,25,25,6,6,6,6,6,6,25,25,25,25,25,25,25,25,25,25,25,25,25,25,25,25,25,25,25,25,25,6,6,6,6,6,6,6,6,6,6,6,6,6,6,33,6,6,6,6,6,6,6,6,6,27,6,27,6,25,25,25,25,25
25,25,25,25,25,25,25,6,6,6,6,6,6,6,6,6,25,25,25,25,25,25,25,6,6,6,6,6,6,6,6,6,25,25,25,25,25,25,25,6,6,6,6,6,6,6,25,25,25,25,25,25,25,25,25,25,25,25,25,25,25,25,25,25,25,25,25,6,6,6,6,6,33,6,6,6,6,6,6,6,6,6,6,6,6,6,6,6,6,6,6,51,6,51,6,6,25,25,25,25
25,25,25,25,25,25,6,6,6,6,6,6,6,6,6,6,6,6,6,6,6,6,6,6,6,6,6,6,6,6,6,6,6,6,6,6,6,6,6,6,6,6,6,6,6,6,25,25,25,25,25,25,25,25,25,25,25,25,25,25,25,25,25,25,25,25,25,6,6,6,6,6,6,6,6,6,6,6,6,6,6,6,6,6,6,6,6,6,6,6,6,6,6,6,6,6,25,25,25,25
25,25,25,25,25,25,6,6,6,6,6,6,6,6,6,6,6,6,6,6,6,6,6,6,6,6,6,6,6,6,6,6,6,6,6,6,6,6,6,6,6,6,6,6,6,25,25,25,25,25,25,25,25,25,25,25,25,25,25,25,25,25,25,25,25,25,25,6,6,6,6,6,6,6,6,6,6,6,6,6,6,6,6,6,6,6,6,6,6,6,6,3,6,3,6,25,25,25,25,25
25,25,25,25,25,25,25,6,6,6,6,6,6,6,6,6,6,6,6,6,6,6,6,6,6,6,6,6,6,6,6,6,6,6,6,6,6,6,6,6,6,6,6,6,6,25,25,25,25,25,25,25,25,25,25,25,25,25,25,25,25,25,25,25,25,25,25,6,6,6,6,6,6,6,6,6,6,33,6,6,6,6,6,6,6,6,6,33,6,6,6,27,6,27,6,25,25,25,25,25
25,25,25,25,25,25,25,6,6,6,6,6,6,6,25,6,6,6,25,6,6,6,25,6,6,6,6,6,6,6,6,6,25,25,25,25,25,25,25,6,6,6,6,6,6,25,25,25,25,25,25,25,25,25,25,25,25,25,25,25,25,25,25,25,25,25,25,6,6,6,6,6,6,6,6,6,6,6,6,6,6,6,6,6,6,6,6,6,6,6,6,51,6,51,6,25,25,25,25,25
25,25,25,25,25,25,25,6,6,6,6,6,6,25,25,25,6,25,25,25,6,25,25,25,6,6,6,6,6,6,6,25,25,25,25,25,25,25,25,25,6,6,6,6,6,25,25,25,25,25,25,25,25,25,25,25,25,25,25,25,25,25,25,25,25,25,25,25,6,6,6,6,6,6,6,6,6,6,6,6,6,6,6,6,6,6,6,6,6,6,6,6,6,6,6,25,25,25,25,25
25,25,25,25,25,25,25,25,6,6,6,6,25,25,25,25,25,25,25,25,25,25,25,25,25,6,6,6,6,6,25,25,25,25,25,25,25,25,25,25,25,6,6,6,6,6,25,25,25,25,25,25,25,25,25,25,25,25,25,25,25,25,25,25,25,25,25,25,25,25,6,6,6,6,6,6,6,6,6,6,6,6,6,6,6,6,6,6,6,6,6,6,6,6,25,25,25,25,25,25
25,25,25,25,25,25,25,25,6,6,6,6,6,25,25,25,25,25,25,25,25,25,25,25,25,25,6,6,6,25,25,25,25,25,25,25,25,25,25,25,25,6,6,6,6,6,25,25,25,25,25,25,25,25,25,25,25,25,25,25,25,25,25,25,25,25,25,25,25,25,25,25,6,6,6,6,6,25,25,25,25,6,6,6,6,6,6,6,6,6,6,6,6,25,25,25,25,25,25,25
25,25,25,25,25,25,25,25,6,6,6,6,6,25,25,25,25,25,25,25,25,25,25,25,25,25,25,6,25,25,25,25,25,25,25,25,25,25,25,25,25,6,6,6,6,6,6,25,25,25,25,25,25,25,25,25,25,25,25,25,25,25,25,25,25,25,25,25,25,25,25,25,25,25,25,25,25,25,25,57,25,25,6,6,6,6,6,6,6,6,6,6,25,25,25,25,25,25,25,25
25,25,25,25,25,25,25,25,25,6,6,6,6,6,25,25,25,25,25,25,25,25,25,25,25,25,25,25,25,25,25,25,25,25,25,25,25,25,25,25,25,6,6,6,6,6,6,25,25,25,25,25,25,25,25,25,25,25,25,25,25,25,25,25,25,25,25,25,25,25,25,25,25,25,25,25,25,57,25,25,25,25,25,6,6,6,6,6,6,6,6,6,25,25,25,25,25,25,25,25
25,25,25,25,25,25,25,25,25,25,6,6,6,6,6,6,25,25,25,25,25,25,25,25,25,25,25,25,25,25,25,25,25,25,25,25,25,25,25,25,25,25,6,6,6,6,6,25,25,25,25,25,25,25,25,25,25,25,25,25,25,25,25,25,25,25,25,25,25,25,25,25,25,25,25,25,25,25,25,57,25,57,25,25,6,6,6,6,6,6,6,6,25,25,25,25,25,25,25,25
25,25,25,25,25,25,25,25,25,25,25,6,6,6,6,6,6,25,25,25,25,25,25,25,25,25,25,25,25,25,25,25,25,25,25,25,25,25,25,25,25,25,25,6,6,6,6,25,25,25,25,25,25,25,25,25,25,25,25,25,25,25,25,25,25,25,25,25,25,25,25,25,25,25,25,25,57,25,25,25,25,25,25,25,6,6,6,6,6,6,6,25,25,25,25,25,25,25,25,25
25,25,25,25,25,25,25,25,25,25,25,25,6,6,6,6,6,6,25,25,25,25,25,25,25,25,25,25,25,25,25,25,25,25,25,25,25,25,25,25,25,25,25,6,6,6,6,6,25,25,25,25,25,25,25,25,25,25,25,25,25,25,25,25,25,25,25,25,25,25,25,25,25,25,25,25,25,25,57,25,25,25,57,25,25,6,6,6,6,6,6,25,25,25,25,25,25,25,25,25
25,25,25,25,25,25,25,25,25,25,25,25,6,6,6,6,6,6,6,25,25,25,25,25,25,25,25,25,25,25,25,25,25,25,25,25,25,25,25,25,25,25,25,25,6,6,6,6,25,25,25,25,25,25,25,25,25,25,25,25,25,25,25,25,25,25,25,25,25,25,25,25,25,25,25,25,25,25,25,25,57,25,25,25,25,6,6,6,6,6,6,25,25,25,25,25,25,25,25,25
25,25,25,25,25,25,25,25,25,25,25,25,25,25,6,6,6,6,6,6,25,25,25,25,25,25,25,25,25,25,25,25,25,25,25,25,25,25,25,25,25,25,25,25,25,6,6,6,6,25,25,25,25,25,25,25,25,25,25,25,25,25,25,25,25,25,25,25,25,25,25,25,25,25,25,25,25,25,57,25,25,25,57,25,25,6,6,6,6,6,6,25,25,25,25,25,25,25,25,25
25,25,25,25,25,25,25,25,25,25,25,25,25,25,25,6,6,6,6,6,6,25,25,25,25,25,25,25,25,25,25,25,25,25,25,25,25,25,25,25,25,25,25,25,25,25,6,6,6,25,25,25,25,25,25,25,25,25,25,25,25,25,25,25,25,25,25,25,25,25,25,25,25,25,25,25,25,25,25,25,57,25,25,25,25,6,6,6,6,6,25,25,25,25,25,25,25,25,25,25
25,25,25,25,25,25,25,25,25,25,25,25,25,25,25,25,6,6,6,6,6,6,25,25,25,25,25,25,25,25,25,25,25,25,25,25,25,25,25,25,25,25,25,25,25,25,6,6,6,25,25,25,25,25,25,25,25,25,25,25,25,25,25,25,25,25,25,25,25,25,25,25,25,25,25,25,25,25,25,25,25,25,57,25,25,6,6,6,6,25,25,25,25,25,25,25,25,25,25,25
25,25,25,25,25,25,25,25,25,25,25,25,25,25,25,25,25,25,6,6,6,6,6,25,25,25,25,25,25,25,25,25,25,25,25,25,25,25,25,25,25,25,25,25,25,25,6,6,6,25,25,25,25,25,25,25,25,25,25,25,25,25,25,25,25,25,25,25,25,25,25,25,25,25,25,25,25,25,25,25,25,25,25,25,6,6,6,6,6,25,25,25,25,25,25,25,25,25,25,25
25,25,25,25,25,25,25,25,25,25,25,25,25,25,25,25,25,25,25,6,6,6,6,6,25,25,25,25,25,25,25,25,25,25,25,25,25,25,25,25,25,25,25,25,25,25,6,6,6,25,25,25,25,25,25,25,25,25,25,25,25,25,25,25,25,25,25,25,25,25,25,25,25,25,25,25,25,25,25,25,25,25,25,6,6,6,6,6,25,25,25,25,25,25,25,25,25,25,25,25
25,25,25,25,25,25,25,25,25,25,25,25,25,25,25,25,25,25,25,25,6,6,6,6,6,25,25,25,25,25,25,25,25,25,25,25,25,25,25,25,25,25,25,25,25,25,6,6,6,25,25,25,25,25,25,25,25,25,25,25,25,25,25,25,25,25,25,25,25,25,25,25,25,25,25,25,25,25,25,25,25,25,6,6,6,6,6,25,25,25,25,25,25,25,25,25,25,25,25,25
25,25,25,25,25,25,25,25,25,25,25,25,25,25,25,25,25,25,25,25,25,6,6,6,6,6,25,25,25,25,25,25,25,25,25,25,25,25,25,25,25,25,25,25,25,25,6,6,6,25,25,25,25,25,25,25,25,25,25,25,25,25,25,25,25,25,25,25,25,25,25,25,25,25,25,25,25,25,25,25,25,25,6,6,6,6,25,25,25,25,25,25,25,25,25,25,25,25,25,25
25,25,25,25,25,25,25,25,25,25,25,25,25,25,25,25,25,25,25,25,25,25,6,6,6,6,6,25,25,25,25,25,25,25,25,25,25,25,25,25,25,25,25,25,25,25,6,6,6,25,25,25,25,25,25,25,25,25,25,25,25,25,25,25,25,25,25,25,25,25,25,25,25,25,25,25,25,25,25,25,25,6,6,6,6,6,25,25,25,25,25,25,25,25,25,25,25,25,25,25
25,25,25,25,25,25,25,25,25,25,25,25,25,25,25,25,25,25,25,25,25,25,25,6,6,6,6,6,25,25,25,25,25,25,25,25,25,25,25,25,25,25,25,25,25,25,6,6,6,25,25,25,25,25,25,25,25,25,25,25,25,25,25,25,25,25,25,25,25,25,25,25,25,25,25,25,25,25,25,25,6,6,6,6,6,6,25,25,25,25,25,25,25,25,25,25,25,25,25,25
25,25,25,25,25,25,25,25,25,25,25,25,25,25,25,25,25,25,25,25,25,25,25,6,6,6,6,6,6,25,25,25,25,25,25,25,25,25,25,25,25,25,25,25,25,25,6,6,6,25,25,25,25,25,25,25,25,25,25,25,25,25,25,25,25,25,25,25,25,25,25,25,25,25,25,25,25,25,25,6,6,6,6,6,6,25,25,25,25,25,25,25,25,25,25,25,25,25,25,25
25,25,25,25,25,25,25,25,25,25,25,25,25,25,25,25,25,25,25,25,25,25,25,25,6,6,6,6,6,6,25,25,25,25,25,25,25,25,25,25,25,25,25,25,25,25,6,6,6,25,25,25,25,25,25,25,25,25,25,25,25,25,25,25,25,25,25,25,6,6,6,25,25,25,25,25,25,25,6,6,6,6,6,6,6,25,25,25,25,25,25,25,25,25,25,25,25,25,25,25
25,25,25,25,25,25,25,25,25,25,25,25,25,25,25,25,25,25,25,25,25,25,25,25,6,6,6,6,6,6,6,25,25,25,25,25,25,25,25,25,25,25,25,25,25,25,6,6,6,25,25,25,25,25,25,25,25,25,25,25,25,25,25,25,25,25,25,25,6,6,6,6,6,6,25,25,6,6,6,6,6,6,6,6,6,25,25,25,25,25,25,25,25,25,25,25,25,25,25,25
25,25,25,25,25,25,25,25,25,25,25,25,25,25,25,25,25,25,25,25,25,25,25,25,6,6,6,6,6,6,6,6,6,25,25,25,25,25,25,25,25,25,25,25,25,25,6,6,6,25,25,25,25,25,25,25,25,25,25,25,25,25,25,25,25,25,6,6,6,6,6,6,6,6,6,6,6,6,6,6,6,6,6,6,6,25,25,25,25,25,25,25,25,25,25,25,25,25,25,25
25,25,25,25,25,25,25,25,25,25,25,25,25,25,25,25,25,25,25,25,25,25,25,25,25,6,6,6,6,6,6,6,25,25,25,25,25,25,25,25,25,25,25,25,25,25,6,6,6,25,25,25,25,25,25,25,25,25,25,25,25,25,25,25,25,6,6,6,6,6,6,6,6,6,6,6,6,6,6,6,6,6,6,6,25,25,25,25,25,25,25,25,25,25,25,25,25,25,25,25
25,25,25,25,25,25,25,25,25,25,25,25,25,25,25,25,25,25,25,25,25,25,25,25,25,6,6,6,6,6,6,25,25,25,25,25,25,25,25,25,25,25,25,25,25,25,6,6,6,25,25,25,25,25,25,25,25,25,25,25,25,25,25,25,25,6,6,6,6,6,6,6,6,6,6,6,6,6,6,6,6,6,6,6,25,25,25,25,25,25,25,25,25,25,25,25,25,25,25,25
25,25,25,25,25,25,25,25,25,25,25,25,25,25,25,25,25,25,25,25,25,25,25,25,6,6,6,6,6,6,25,25,25,25,25,25,25,25,25,25,25,25,25,25,25,25,6,6,6,25,25,25,25,25,25,25,25,25,25,25,25,25,25,25,6,6,6,6,6,6,6,6,6,6,6,6,6,6,6,6,6,6,6,6,25,25,25,25,25,25,25,25,25,25,25,25,25,25,25,25
25,25,25,25,25,25,25,25,25,25,25,25,25,25,25,25,25,25,25,25,25,25,25,25,6,6,6,6,6,25,25,25,25,25,25,25,25,25,25,25,25,25,25,25,25,25,6,6,6,25,25,25,25,25,25,25,25,25,25,25,25,6,6,6,6,33,6,6,6,6,6,25,25,25,25,25,6,6,6,6,6,6,6,6,6,6,25,25,25,25,25,25,25,25,25,25,25,25,25,25
25,25,25,25,25,25,25,25,25,25,25,25,25,25,25,25,25,25,25,25,25,25,25,25,6,6,6,6,25,25,25,25,25,25,25,25,25,25,25,25,25,25,25,25,25,25,6,6,6,25,25,25,25,25,25,25,25,25,6,6,6,33,6,33,6,6,6,6,6,6,25,25,25,25,25,25,25,6,6,6,6,6,6,6,6,6,6,25,25,25,25,25,25,25,25,25,25,25,25,25
25,25,25,25,25,25,25,25,25,25,25,25,25,25,25,25,25,25,25,25,25,25,25,6,6,6,6,6,25,25,25,25,25,25,6,6,6,6,25,25,25,25,25,25,25,6,6,6,6,6,25,25,25,25,25,25,6,6,6,6,33,6,6,6,6,6,25,25,25,25,25,25,25,25,25,25,25,25,25,25,6,6,6,6,6,6,6,6,25,25,25,25,25,25,25,25,25,25,25,25
25,25,25,25,25,25,25,25,25,25,25,25,25,25,25,25,25,25,25,25,25,25,6,6,6,6,6,25,25,25,25,25,25,6,6,6,6,6,6,6,25,25,25,25,6,6,6,6,6,6,6,25,25,25,6,6,6,6,6,6,6,6,6,25,25,25,25,25,25,25,25,25,25,25,25,25,25,25,25,25,25,25,6,6,6,6,6,6,25,25,25,25,25,25,25,25,25,25,25,25
25,25,25,25,25,25,25,25,25,25,25,25,25,25,25,25,25,25,25,25,25,6,6,6,6,6,25,25,25,25,25,25,25,6,6,6,6,6,6,6,6,25,25,6,6,6,6,6,6,6,6,6,6,6,6,33,6,33,6,6,6,6,25,25,25,25,25,25,25,25,25,25,25,25,25,25,25,25,25,25,25,25,6,6,6,6,6,6,25,25,25,25,25,25,25,25,25,25,25,25
25,25,25,25,25,25,25,25,25,25,25,25,25,25,25,25,25,25,25,6,6,6,6,6,6,6,25,25,25,25,25,25,25,6,6,6,6,6,6,6,6,6,6,6,6,6,6,6,6,6,6,6,6,33,6,6,6,6,25,25,25,25,25,25,25,25,25,25,25,25,25,25,25,25,25,25,25,25,25,25,25,25,6,6,6,6,6,6,25,25,25,25,25,25,25,25,25,25,25,25
25,25,25,25,25,25,25,25,25,25,25,25,25,25,25,25,25,25,6,6,6,6,6,6,6,25,25,25,25,25,25,25,25,6,6,6,6,6,6,6,6,6,6,6,6,6,6,6,6,6,6,6,6,6,6,33,6,25,25,25,25,25,25,25,25,25,25,25,25,25,25,25,25,25,25,25,25,25,25,25,25,25,6,6,6,6,6,6,25,25,25,25,25,25,25,25,25,25,25,25
25,25,25,25,25,25,25,25,25,25,25,25,25,25,25,25,25,6,6,6,6,6,6,6,25,25,25,25,25,25,25,25,25,6,6,6,6,6,6,6,6,6,6,6,6,6,6,6,6,6,6,6,6,6,6,6,6,6,25,25,25,25,25,25,25,25,25,25,25,25,25,25,25,25,25,25,25,25,25,25,25,25,6,6,6,6,6,6,25,25,25,25,25,25,25,25,25,25,25,25
25,25,25,25,25,25,25,25,25,25,25,25,25,25,25,6,6,6,6,6,6,6,6,25,25,25,25,25,25,25,25,25,25,6,6,6,6,6,6,6,6,25,25,6,6,6,6,6,6,6,6,6,6,6,6,6,6,6,6,25,25,25,25,25,25,25,25,25,25,25,25,25,25,25,25,25,25,25,25,25,25,25,6,6,6,6,6,6,25,25,25,25,25,25,25,25,25,25,25,25
25,25,25,25,25,25,25,25,25,25,25,25,25,25,6,6,6,6,6,6,6,6,25,25,25,25,25,25,25,25,25,25,25,6,6,6,6,6,6,6,25,25,25,25,25,25,25,25,25,25,6,6,6,6,6,6,6,6,6,6,25,25,25,25,25,25,25,25,25,25,25,25,25,25,25,25,25,25,25,25,25,25,6,6,6,6,6,6,25,25,25,25,25,25,25,25,25,25,25,25
25,25,25,25,25,25,25,25,25,25,25,6,6,6,6,6,6,6,6,6,25,25,25,25,25,25,25,25,25,25,25,25,25,25,6,6,6,6,25,25,25,25,25,25,25,25,25,25,25,25,25,25,6,6,6,6,6,6,6,6,6,6,25,25,25,25,25,25,25,25,25,25,25,25,25,25,25,25,25,25,25,25,6,6,6,6,6,6,25,25,25,25,25,25,25,25,25,25,25,25
25,25,25,25,25,25,25,25,25,6,6,6,6,6,6,6,6,6,6,6,25,25,25,25,25,25,25,25,25,25,25,25,25,25,25,25,25,25,25,25,25,25,25,25,25,25,25,25,25,25,25,25,25,6,6,6,6,6,6,6,6,6,25,25,25,25,25,25,25,25,25,25,25,25,25,25,25,25,25,25,25,25,6,6,6,6,6,6,25,25,25,25,25,25,25,25,25,25,25,25
25,25,25,25,25,25,25,25,6,6,6,6,6,6,6,6,6,6,6,6,6,25,25,25,25,25,25,25,25,25,25,25,25,25,25,25,25,25,25,25,25,25,25,25,25,25,25,25,25,25,25,25,25,25,6,6,6,6,6,6,6,6,25,25,6,25,25,25,25,25,25,25,25,25,25,25,25,25,25,25,25,25,25,6,6,6,6,25,25,25,25,25,25,25,25,25,25,25,25,25
25,25,25,25,25,25,25,6,6,6,6,6,6,6,6,6,6,6,6,6,6,6,6,25,25,25,25,25,25,25,25,25,25,25,25,25,25,25,25,25,25,25,25,25,25,25,25,25,25,25,25,25,25,6,6,6,6,6,6,6,6,6,6,6,6,6,6,6,6,6,6,25,25,25,25,25,25,25,25,25,25,25,25,6,6,6,6,25,25,25,25,25,25,25,25,25,25,25,25,25
25,25,25,25,25,25,25,6,6,6,6,6,6,6,6,6,6,6,6,6,6,6,6,6,25,25,25,25,25,25,25,25,25,25,25,25,25,25,25,25,25,25,25,25,25,25,25,25,25,25,25,25,6,6,6,6,6,6,6,6,6,6,6,6,6,6,6,6,6,6,6,6,6,6,25,25,25,25,25,25,25,25,25,6,6,6,6,25,25,25,25,25,25,25,25,25,25,25,25,25
25,25,25,25,25,25,6,6,6,6,6,6,6,6,6,6,6,6,6,6,6,6,6,6,25,25,25,25,25,25,25,25,25,25,25,25,25,25,25,25,25,25,25,25,25,25,25,25,25,25,25,6,6,6,6,6,6,6,6,6,6,6,6,6,6,6,6,6,6,6,6,6,6,6,6,6,25,25,25,25,25,25,25,6,6,6,6,6,25,25,25,25,6,6,6,6,6,25,25,25
25,25,25,25,25,25,6,6,6,6,6,6,6,6,6,6,6,6,6,6,6,6,6,6,6,25,25,25,25,25,25,25,25,25,25,25,25,25,25,25,25,25,25,25,25,25,25,25,25,25,6,6,6,6,6,6,6,6,6,6,6,6,6,6,6,6,6,6,6,6,6,6,6,6,6,6,25,25,25,25,25,25,25,25,6,6,6,6,6,25,25,6,6,6,6,6,6,25,25,25
25,25,25,25,25,25,6,6,6,6,6,6,6,6,6,6,6,6,6,6,6,6,6,6,6,25,25,25,25,25,25,25,25,25,25,25,25,25,25,25,25,25,25,25,25,25,25,25,25,6,6,6,6,6,6,6,6,6,6,6,6,6,6,6,6,6,6,6,6,6,6,6,6,6,6,6,6,25,25,25,25,25,25,25,25,6,6,6,6,25,6,6,6,6,6,6,6,25,25,25
25,25,25,25,25,25,6,6,6,6,6,6,6,6,6,6,6,6,6,6,6,6,6,6,6,25,25,25,25,25,25,25,25,25,25,25,25,25,25,25,25,25,25,25,25,25,25,25,6,6,6,6,6,6,6,6,6,6,6,6,6,6,6,6,6,6,6,6,6,6,6,6,6,6,6,6,6,6,6,6,6,6,6,6,6,6,6,6,6,6,6,6,6,6,6,6,6,25,25,25
25,25,25,25,25,25,25,6,6,6,6,6,6,6,6,6,6,6,6,6,6,6,6,6,6,6,6,25,25,25,25,25,25,25,25,25,25,25,25,25,25,25,25,25,25,25,25,6,6,6,6,6,6,6,6,6,6,6,6,6,6,6,6,25,6,6,6,6,6,6,6,6,6,6,6,6,6,6,6,6,6,6,6,6,6,6,6,6,6,6,6,6,6,6,6,6,6,25,25,25
25,25,25,25,25,25,25,25,6,6,6,6,6,6,6,6,6,6,6,6,6,6,6,6,6,6,6,6,6,25,25,25,25,25,25,25,25,25,25,25,25,25,25,25,25,25,6,6,6,6,6,6,6,6,6,6,6,25,6,6,6,6,6,25,25,6,6,6,6,6,6,6,6,6,6,6,6,6,6,6,6,6,6,6,6,6,6,6,6,6,6,6,6,6,6,6,6,25,25,25
25,25,25,25,25,25,25,25,25,6,6,6,6,6,6,6,6,6,6,6,6,6,6,6,6,6,6,6,6,6,6,6,6,6,25,25,25,25,25,25,25,25,25,25,25,25,6,6,6,6,6,6,6,6,6,6,25,25,25,6,6,6,6,25,25,25,6,6,6,6,25,25,25,25,25,25,25,25,25,25,25,25,6,6,6,6,6,6,6,6,6,6,6,6,6,6,6,25,25,25
25,25,25,25,25,25,25,25,25,25,6,6,6,6,6,6,6,6,6,6,6,6,6,6,6,6,6,6,6,6,6,6,6,6,6,6,6,6,6,6,6,25,25,25,25,6,6,6,6,6,6,6,6,6,6,25,25,25,25,25,6,6,6,25,25,25,6,6,6,25,25,25,25,25,25,25,25,25,25,25,25,25,25,25,25,25,6,6,6,6,6,6,6,6,6,6,6,25,25,25
25,25,25,25,25,25,25,25,25,25,25,25,6,6,6,6,6,6,6,6,6,6,6,6,6,6,6,6,6,6,6,6,6,6,6,6,6,6,6,6,6,6,6,6,6,6,6,6,6,6,6,6,6,6,25,25,25,25,25,25,25,6,6,25,25,25,6,6,25,25,25,25,25,25,25,25,25,25,25,25,25,25,25,25,25,25,25,25,6,6,6,6,6,6,6,6,6,25,25,25
25,25,25,25,25,25,25,25,25,25,25,25,25,25,25,25,25,25,25,25,25,25,25,25,6,6,6,6,6,6,6,6,6,6,6,6,6,6,6,6,6,6,6,6,6,6,6,6,6,6,6,6,6,25,25,25,25,25,25,25,25,25,6,25,25,25,6,25,25,25,25,25,25,25,25,25,25,25,25,25,25,25,25,25,25,25,25,25,25,25,6,6,6,6,6,6,6,25,25,25
25,25,25,25,25,25,25,25,25,25,25,25,25,25,25,25,25,25,25,25,25,25,25,25,25,25,6,6,6,6,6,6,6,6,6,6,6,6,6,6,6,6,6,6,6,6,6,6,6,6,6,6,25,25,25,25,25,25,25,25,25,25,25,25,25,25,25,25,25,25,25,25,25,25,25,25,25,25,25,25,25,25,25,25,25,25,25,25,25,25,25,25,25,6,6,6,6,25,25,25
25,25,25,25,25,25,25,25,25,25,25,25,25,25,25,25,25,25,25,25,25,25,25,25,25,25,25,6,6,6,6,6,6,6,6,6,6,6,6,6,6,6,6,6,6,6,6,6,25,25,25,25,25,25,25,25,25,25,25,25,25,25,25,25,25,25,25,25,25,25,25,25,25,25,25,25,25,25,25,25,25,25,25,25,25,25,25,25,25,25,25,25,25,25,25,25,25,25,25,25
25,25,25,25,25,25,25,25,25,25,25,25,25,25,25,25,25,25,25,25,25,25,25,25,25,25,25,25,25,25,25,25,25,25,25,25,25,25,25,25,25,25,25,25,25,25,25,25,25,25,25,25,25,25,25,25,25,25,25,25,25,25,25,25,25,25,25,25,25,25,25,25,25,25,25,25,25,25,25,25,25,25,25,25,25,25,25,25,25,25,25,25,25,25,25,25,25,25,25,25
25,25,25,25,25,25,25,25,25,25,25,25,25,25,25,25,25,25,25,25,25,25,25,25,25,25,25,25,25,25,25,25,25,25,25,25,25,25,25,25,25,25,25,25,25,25,25,25,25,25,25,25,25,25,25,25,25,25,25,25,25,25,25,25,25,25,25,25,25,25,25,25,25,25,25,25,25,25,25,25,25,25,25,25,25,25,25,25,25,25,25,25,25,25,25,25,25,25,25,25
