-1,-1,-1,125,-1,125,110,-1,-1,125,-1,-1,-1,125,-1,-1,-1,125,-1,-1,-1,-1,-1,125,125,125,-1,-1,125,125,125,-1,-1,-1,-1,-1,-1,-1,-1,-1,-1,-1,-1,-1,125,125,125,125,125,125,-1,-1,125,-1,125,-1,-1,125,-1,-1,125,-1,-1,125,-1,-1,-1,125,-1,-1,-1,-1,-1,-1,-1,125,125,125,125,125,125,125,125,125,125,125,-1,-1,125,125,125,-1,-1,-1,-1,-1,-1,-1,-1,-1
132,-1,-1,132,-1,-1,132,119,134,132,125,-1,-1,110,132,-1,-1,132,-1,-1,-1,132,-1,-1,-1,-1,132,-1,124,119,132,-1,-1,132,-1,-1,130,-1,-1,130,-1,-1,130,119,123,-1,-1,-1,105,130,134,-1,-1,127,134,130,-1,134,-1,-1,134,130,-1,134,130,-1,134,-1,130,134,-1,-1,134,130,-1,134,-1,122,122,-1,-1,-1,-1,-1,-1,134,130,134,-1,122,134,130,-1,134,130,-1,134,130,-1,-1
-1,-1,125,113,-1,-1,-1,-1,-1,-1,123,132,-1,-1,134,-1,-1,-1,123,-1,-1,123,-1,-1,-1,-1,-1,-1,-1,-1,119,134,-1,-1,-1,-1,-1,124,-1,-1,-1,-1,-1,119,-1,-1,-1,-1,-1,-1,-1,130,-1,-1,-1,-1,-1,-1,130,110,-1,105,-1,-1,-1,-1,-1,-1,-1,-1,-1,-1,-1,-1,-1,-1,122,-1,-1,-1,-1,-1,-1,-1,-1,-1,-1,-1,-1,-1,-1,-1,-1,-1,-1,-1,-1,-1,-1,-1
127,113,-1,-1,-1,-1,-1,-1,-1,-1,-1,-1,105,-1,-1,-1,-1,-1,-1,132,-1,-1,-1,-1,-1,-1,-1,111,-1,-1,-1,-1,132,-1,-1,-1,-1,-1,-1,-1,130,-1,-1,-1,-1,-1,-1,-1,-1,-1,-1,-1,-1,-1,-1,-1,-1,-1,-1,-1,-1,-1,-1,-1,-1,-1,-1,-1,-1,-1,130,110,-1,-1,-1,-1,-1,-1,-1,-1,-1,-1,-1,-1,-1,-1,-1,-1,-1,-1,-1,-1,135,-1,130,-1,-1,-1,-1,-1
-1,-1,-1,-1,3,-1,-1,-1,-1,-1,-1,-1,-1,-1,-1,-1,-1,-1,-1,-1,123,-1,-1,-1,-1,-1,-1,-1,-1,-1,-1,-1,-1,-1,-1,-1,-1,-1,-1,-1,-1,-1,-1,-1,-1,111,-1,-1,-1,-1,135,-1,-1,-1,121,-1,-1,-1,-1,-1,-1,-1,-1,-1,-1,-1,-1,-1,-1,-1,-1,-1,-1,-1,-1,-1,-1,-1,-1,-1,-1,-1,-1,-1,-1,-1,-1,-1,-1,-1,-1,-1,-1,-1,-1,119,134,130,-1,-1
127,-1,-1,-1,-1,-1,-1,-1,-1,-1,-1,-1,-1,-1,-1,-1,-1,-1,-1,-1,-1,-1,-1,-1,-1,134,-1,-1,-1,111,-1,-1,-1,132,-1,-1,-1,-1,-1,-1,130,-1,-1,-1,-1,-1,-1,-1,-1,-1,-1,-1,-1,-1,-1,-1,-1,121,-1,-1,-1,-1,-1,-1,-1,-1,-1,134,-1,-1,-1,-1,-1,-1,-1,114,-1,-1,-1,-1,-1,-1,-1,-1,-1,-1,-1,-1,-1,-1,-1,-1,-1,-1,-1,-1,-1,-1,-1,-1
-1,-1,-1,-1,-1,-1,-1,-1,-1,-1,-1,-1,134,-1,-1,-1,-1,-1,-1,-1,-1,-1,-1,-1,132,-1,-1,-1,-1,-1,-1,-1,-1,-1,-1,-1,-1,-1,-1,-1,-1,-1,-1,-1,-1,-1,-1,-1,-1,-1,-1,-1,-1,-1,108,-1,108,-1,-1,-1,-1,-1,-1,-1,-1,130,-1,-1,-1,-1,-1,-1,-1,-1,-1,-1,-1,-1,-1,-1,-1,130,-1,-1,-1,-1,-1,-1,-1,-1,-1,-1,-1,-1,-1,-1,-1,-1,-1,-1
127,113,-1,-1,-1,-1,-1,-1,-1,-1,-1,-1,-1,-1,-1,-1,-1,-1,-1,-1,-1,-1,-1,-1,-1,123,-1,-1,-1,-1,-1,-1,-1,-1,-1,132,-1,-1,130,-1,-1,-1,-1,-1,-1,-1,-1,-1,-1,-1,-1,-1,-1,-1,-1,-1,-1,-1,-1,-1,-1,-1,135,-1,-1,-1,-1,-1,-1,-1,-1,-1,130,-1,-1,-1,-1,-1,-1,-1,-1,134,-1,-1,-1,127,-1,-1,-1,-1,-1,-1,-1,-1,-1,-1,-1,130,-1,-1
-1,-1,113,-1,-1,-1,-1,-1,-1,-1,-1,-1,-1,-1,-1,-1,-1,-1,-1,-1,-1,-1,132,-1,-1,-1,-1,-1,111,-1,-1,-1,-1,-1,133,-1,-1,-1,-1,133,130,-1,-1,-1,-1,-1,-1,134,-1,-1,-1,-1,-1,-1,-1,-1,-1,-1,-1,-1,-1,-1,-1,-1,-1,-1,-1,-1,-1,-1,-1,-1,134,-1,-1,-1,-1,-1,-1,-1,-1,-1,-1,-1,134,-1,-1,-1,-1,-1,-1,-1,-1,-1,114,-1,-1,-1,-1,-1
127,-1,-1,125,-1,-1,134,-1,-1,-1,-1,-1,-1,-1,-1,132,-1,-1,-1,-1,-1,-1,-1,-1,-1,-1,-1,-1,-1,-1,-1,-1,-1,-1,-1,-1,132,-1,134,130,133,-1,-1,-1,-1,-1,-1,110,-1,-1,-1,-1,-1,-1,-1,-1,-1,-1,-1,-1,134,-1,-1,-1,-1,-1,-1,-1,-1,-1,130,-1,-1,-1,-1,-1,-1,-1,-1,-1,-1,-1,130,-1,-1,122,130,-1,-1,-1,-1,-1,-1,-1,-1,-1,-1,-1,124,-1
-1,-1,-1,-1,127,-1,-1,-1,-1,-1,-1,-1,-1,-1,-1,-1,-1,-1,-1,-1,-1,-1,-1,-1,-1,-1,-1,-1,-1,-1,-1,132,-1,133,132,-1,-1,-1,-1,-1,-1,-1,-1,-1,-1,-1,-1,130,-1,-1,-1,-1,-1,-1,-1,-1,-1,-1,-1,-1,130,-1,110,-1,-1,-1,-1,-1,-1,-1,-1,123,-1,-1,-1,-1,-1,-1,-1,-1,-1,127,-1,122,-1,-1,-1,108,-1,-1,-1,-1,-1,-1,-1,-1,-1,130,-1,-1
127,-1,127,-1,125,-1,-1,-1,-1,-1,-1,-1,-1,132,-1,-1,132,-1,-1,-1,132,-1,132,-1,-1,-1,-1,-1,-1,-1,-1,-1,-1,-1,-1,-1,-1,-1,-1,-1,130,133,-1,-1,-1,-1,-1,-1,134,-1,-1,127,-1,-1,-1,-1,-1,-1,-1,-1,-1,-1,-1,-1,-1,-1,-1,-1,-1,-1,-1,-1,-1,-1,-1,-1,-1,-1,-1,-1,-1,122,-1,-1,-1,-1,-1,-1,-1,-1,-1,3,-1,-1,-1,-1,-1,-1,123,-1
-1,-1,125,123,-1,-1,-1,-1,-1,-1,-1,-1,-1,-1,-1,-1,-1,-1,-1,-1,-1,-1,-1,-1,-1,-1,-1,-1,-1,-1,132,-1,-1,-1,-1,-1,-1,-1,-1,-1,-1,-1,-1,-1,-1,-1,-1,-1,-1,-1,-1,-1,-1,-1,-1,-1,-1,-1,-1,-1,-1,-1,-1,-1,-1,-1,-1,-1,-1,-1,-1,-1,-1,-1,-1,-1,-1,-1,-1,130,110,-1,135,-1,-1,-1,-1,-1,-1,-1,-1,-1,-1,-1,-1,-1,-1,-1,-1,-1
127,-1,-1,-1,-1,-1,-1,-1,-1,-1,-1,-1,-1,-1,-1,132,-1,-1,-1,-1,-1,132,-1,-1,-1,-1,-1,-1,-1,-1,-1,-1,-1,-1,-1,-1,-1,-1,-1,-1,-1,130,-1,-1,-1,-1,-1,-1,-1,130,-1,-1,-1,-1,-1,-1,-1,-1,-1,-1,-1,-1,-1,-1,-1,-1,-1,2,-1,-1,-1,-1,-1,-1,-1,-1,-1,-1,-1,-1,-1,-1,-1,-1,-1,-1,-1,-1,-1,-1,-1,-1,-1,-1,-1,-1,130,-1,-1,-1
-1,105,-1,-1,-1,-1,-1,-1,-1,-1,-1,-1,134,132,-1,-1,-1,-1,-1,-1,-1,-1,-1,-1,-1,-1,-1,-1,-1,133,-1,-1,-1,-1,-1,-1,-1,-1,-1,-1,-1,-1,-1,-1,-1,-1,-1,-1,-1,-1,-1,-1,-1,-1,-1,-1,-1,-1,-1,-1,-1,-1,-1,-1,-1,-1,-1,-1,-1,-1,-1,-1,-1,-1,-1,-1,-1,-1,-1,-1,-1,-1,-1,-1,-1,-1,-1,-1,-1,-1,-1,-1,-1,-1,123,-1,123,-1,-1,-1
127,-1,-1,-1,-1,-1,-1,-1,-1,-1,-1,-1,-1,-1,-1,125,132,-1,123,-1,-1,132,-1,-1,132,133,-1,-1,133,-1,-1,-1,-1,-1,-1,-1,133,133,-1,-1,-1,-1,130,130,-1,-1,-1,-1,134,-1,-1,112,-1,-1,-1,-1,-1,-1,-1,-1,-1,-1,-1,-1,-1,-1,-1,-1,-1,-1,-1,-1,-1,-1,-1,-1,-1,-1,-1,-1,-1,-1,-1,-1,-1,130,-1,-1,-1,122,122,-1,123,-1,-1,-1,-1,-1,-1,-1
-1,-1,119,-1,-1,-1,-1,-1,-1,-1,-1,-1,-1,-1,-1,-1,-1,-1,-1,132,-1,-1,-1,-1,-1,-1,132,-1,-1,132,-1,-1,-1,-1,-1,-1,133,133,-1,-1,-1,-1,-1,-1,-1,-1,-1,-1,-1,-1,-1,-1,-1,-1,-1,-1,-1,-1,-1,-1,-1,-1,-1,-1,-1,105,-1,-1,-1,-1,-1,-1,-1,-1,-1,-1,-1,-1,-1,-1,-1,-1,-1,-1,-1,-1,111,-1,-1,122,122,-1,-1,119,130,122,134,-1,-1,-1
127,-1,119,-1,-1,-1,-1,-1,-1,-1,-1,-1,-1,-1,-1,-1,-1,-1,-1,-1,-1,-1,132,-1,-1,114,-1,-1,-1,125,-1,-1,-1,-1,-1,-1,133,133,-1,-1,-1,-1,-1,-1,-1,-1,-1,-1,130,-1,-1,-1,-1,-1,-1,-1,-1,-1,-1,-1,-1,-1,-1,-1,-1,-1,-1,105,-1,-1,-1,-1,-1,-1,-1,-1,-1,-1,-1,-1,-1,-1,-1,-1,-1,-1,-1,-1,-1,-1,-1,-1,-1,-1,-1,-1,-1,130,122,125
-1,-1,119,-1,-1,-1,-1,-1,134,-1,-1,-1,-1,-1,-1,-1,-1,-1,-1,-1,132,-1,-1,-1,-1,-1,-1,-1,-1,-1,-1,-1,-1,-1,-1,-1,-1,-1,-1,-1,-1,130,-1,-1,-1,-1,-1,-1,-1,-1,-1,-1,-1,-1,-1,-1,-1,-1,-1,-1,-1,-1,-1,-1,-1,-1,105,130,-1,-1,-1,-1,-1,-1,-1,-1,-1,-1,-1,-1,-1,-1,-1,-1,-1,-1,-1,-1,-1,-1,130,134,-1,-1,-1,-1,-1,-1,-1,125
127,-1,-1,-1,-1,-1,-1,-1,-1,-1,-1,105,-1,-1,-1,134,-1,-1,-1,-1,-1,-1,-1,-1,-1,-1,-1,-1,-1,-1,-1,-1,-1,-1,-1,-1,-1,-1,-1,-1,-1,-1,-1,-1,-1,-1,-1,-1,-1,-1,-1,-1,-1,-1,-1,-1,-1,-1,-1,-1,-1,-1,-1,113,-1,-1,-1,-1,-1,-1,-1,-1,-1,-1,-1,-1,-1,-1,-1,-1,-1,-1,-1,-1,-1,-1,-1,-1,-1,-1,-1,-1,-1,-1,-1,111,-1,-1,-1,125
-1,-1,110,-1,-1,-1,-1,-1,-1,130,-1,-1,105,-1,-1,-1,-1,113,-1,124,-1,-1,132,-1,-1,-1,-1,-1,-1,-1,-1,-1,-1,-1,-1,-1,-1,-1,-1,-1,-1,-1,-1,-1,-1,-1,-1,-1,-1,-1,-1,-1,-1,-1,-1,-1,-1,-1,-1,-1,-1,-1,-1,-1,113,-1,-1,130,-1,-1,-1,-1,-1,-1,-1,-1,-1,-1,-1,-1,-1,-1,-1,-1,-1,-1,-1,-1,-1,105,-1,-1,-1,-1,-1,-1,-1,-1,-1,125
127,-1,110,110,-1,-1,-1,-1,-1,-1,105,-1,-1,-1,-1,-1,-1,130,111,-1,-1,-1,-1,-1,-1,-1,-1,-1,-1,-1,-1,-1,-1,-1,-1,-1,-1,-1,-1,-1,130,-1,-1,-1,-1,-1,-1,-1,-1,-1,-1,-1,-1,-1,-1,-1,-1,130,-1,-1,-1,-1,-1,113,-1,113,-1,-1,-1,-1,-1,-1,-1,-1,-1,-1,130,-1,-1,-1,-1,-1,-1,-1,-1,-1,-1,-1,122,122,-1,-1,-1,-1,-1,-1,-1,-1,-1,125
-1,-1,110,110,-1,-1,-1,-1,-1,-1,-1,-1,-1,-1,-1,-1,-1,-1,-1,-1,134,132,-1,-1,-1,-1,-1,-1,-1,-1,-1,-1,-1,-1,-1,-1,-1,-1,-1,-1,-1,-1,-1,-1,-1,-1,-1,-1,-1,-1,-1,-1,-1,-1,-1,-1,-1,-1,-1,-1,-1,-1,-1,-1,-1,-1,-1,-1,-1,130,-1,-1,-1,-1,-1,-1,123,-1,-1,-1,-1,-1,-1,-1,-1,-1,-1,130,110,122,-1,-1,-1,-1,-1,-1,-1,-1,-1,125
127,-1,110,110,-1,-1,-1,-1,-1,-1,-1,-1,-1,-1,-1,-1,-1,-1,-1,-1,-1,-1,-1,-1,-1,-1,-1,-1,-1,-1,-1,-1,-1,-1,-1,-1,-1,-1,130,-1,-1,130,-1,-1,-1,-1,-1,-1,-1,-1,-1,-1,-1,-1,-1,-1,-1,-1,-1,110,-1,-1,-1,-1,-1,-1,-1,-1,-1,-1,-1,-1,-1,-1,130,-1,-1,-1,-1,-1,-1,-1,-1,-1,-1,-1,-1,-1,-1,-1,-1,-1,-1,-1,-1,-1,-1,-1,-1,125
127,-1,110,-1,-1,-1,-1,-1,-1,-1,-1,-1,-1,-1,-1,-1,-1,-1,-1,-1,-1,-1,-1,-1,-1,-1,-1,-1,-1,-1,-1,-1,-1,-1,-1,-1,-1,-1,-1,-1,-1,-1,-1,-1,-1,-1,-1,-1,-1,122,122,122,-1,-1,-1,-1,-1,-1,110,110,110,-1,-1,-1,-1,-1,-1,-1,130,-1,134,130,-1,-1,-1,134,-1,-1,-1,-1,-1,-1,-1,-1,-1,-1,-1,-1,-1,-1,-1,-1,-1,-1,-1,-1,-1,-1,-1,125
-1,-1,-1,-1,-1,-1,-1,-1,-1,-1,-1,134,-1,-1,-1,-1,-1,-1,-1,-1,-1,-1,-1,-1,-1,-1,-1,-1,-1,-1,-1,133,-1,-1,-1,133,130,-1,-1,130,-1,-1,130,-1,-1,-1,-1,-1,-1,130,122,122,-1,-1,-1,-1,-1,-1,-1,110,-1,-1,-1,-1,113,-1,-1,-1,-1,-1,-1,-1,-1,-1,-1,-1,-1,130,-1,-1,-1,-1,-1,-1,122,-1,-1,-1,-1,-1,-1,-1,-1,-1,-1,-1,-1,-1,-1,125
-1,127,-1,127,-1,-1,-1,-1,-1,-1,-1,-1,-1,-1,-1,-1,-1,-1,-1,-1,-1,-1,-1,-1,-1,-1,-1,-1,-1,130,-1,-1,130,-1,-1,-1,-1,-1,133,133,133,133,133,133,-1,-1,-1,122,122,122,-1,-1,119,-1,-1,-1,-1,-1,-1,-1,-1,-1,-1,-1,-1,113,-1,-1,113,-1,113,-1,-1,130,-1,-1,134,-1,-1,-1,-1,-1,-1,-1,-1,-1,-1,-1,-1,-1,-1,-1,-1,-1,-1,-1,-1,-1,-1,125
127,-1,-1,-1,-1,-1,-1,-1,-1,-1,-1,-1,-1,-1,-1,-1,-1,130,-1,134,-1,-1,-1,-1,-1,-1,-1,-1,-1,-1,-1,105,-1,120,-1,130,-1,-1,-1,-1,-1,-1,-1,-1,130,-1,111,130,122,122,-1,-1,-1,-1,-1,-1,-1,119,-1,-1,-1,-1,-1,-1,113,-1,-1,-1,-1,113,-1,-1,-1,-1,134,-1,-1,-1,-1,-1,-1,122,130,-1,122,-1,-1,-1,-1,-1,134,-1,-1,114,-1,-1,-1,-1,-1,-1
-1,-1,127,-1,127,-1,-1,-1,-1,-1,-1,-1,-1,-1,-1,-1,-1,-1,-1,-1,-1,-1,-1,-1,-1,-1,-1,-1,-1,-1,-1,-1,-1,-1,-1,-1,-1,-1,-1,-1,-1,-1,-1,-1,-1,-1,-1,-1,-1,-1,-1,-1,-1,-1,-1,-1,-1,-1,-1,130,-1,-1,-1,-1,-1,-1,-1,-1,-1,-1,-1,-1,130,-1,-1,-1,-1,-1,-1,-1,-1,-1,134,-1,-1,-1,-1,-1,-1,-1,-1,130,134,-1,-1,-1,-1,-1,-1,-1
129,-1,-1,-1,-1,-1,-1,-1,-1,-1,-1,-1,-1,-1,-1,-1,-1,-1,-1,-1,-1,-1,-1,-1,-1,-1,-1,-1,-1,-1,-1,-1,-1,-1,-1,-1,-1,-1,-1,-1,-1,-1,-1,-1,-1,-1,-1,-1,-1,119,-1,-1,-1,-1,-1,-1,-1,-1,-1,-1,-1,-1,-1,-1,-1,-1,-1,-1,-1,-1,-1,-1,-1,-1,-1,-1,-1,-1,-1,-1,130,122,-1,-1,-1,-1,-1,-1,-1,130,122,122,-1,-1,130,-1,-1,130,-1,-1
-1,-1,129,-1,129,-1,-1,-1,-1,-1,-1,-1,-1,-1,-1,-1,-1,-1,-1,-1,-1,-1,-1,-1,-1,-1,-1,-1,-1,-1,-1,-1,-1,-1,-1,-1,-1,-1,-1,-1,-1,-1,-1,-1,-1,-1,-1,-1,-1,-1,-1,-1,-1,-1,-1,-1,119,-1,-1,-1,-1,-1,-1,-1,-1,-1,-1,-1,-1,-1,-1,-1,-1,-1,-1,-1,-1,-1,-1,-1,-1,-1,-1,-1,-1,-1,-1,-1,-1,122,-1,-1,-1,-1,-1,-1,-1,-1,-1,-1
-1,129,-1,-1,-1,-1,129,-1,-1,-1,108,-1,-1,-1,-1,-1,-1,-1,-1,-1,-1,-1,-1,-1,-1,-1,-1,-1,-1,-1,-1,-1,-1,-1,-1,-1,-1,-1,-1,-1,-1,110,-1,-1,-1,-1,-1,-1,-1,-1,-1,-1,-1,-1,-1,-1,-1,-1,-1,-1,-1,-1,-1,-1,-1,-1,-1,-1,-1,-1,-1,-1,-1,-1,-1,-1,-1,-1,-1,-1,-1,-1,-1,-1,-1,-1,-1,-1,-1,-1,-1,-1,-1,-1,-1,-1,-1,130,-1,-1
-1,-1,-1,-1,129,-1,-1,-1,-1,129,-1,-1,-1,-1,-1,-1,-1,-1,-1,-1,-1,-1,-1,-1,-1,-1,-1,-1,123,-1,-1,-1,-1,-1,-1,-1,-1,-1,-1,-1,122,-1,122,-1,-1,-1,-1,-1,-1,-1,-1,-1,-1,-1,-1,-1,-1,-1,-1,-1,-1,-1,-1,-1,-1,-1,130,-1,-1,-1,-1,-1,-1,-1,-1,-1,-1,-1,-1,-1,-1,-1,-1,119,-1,-1,-1,-1,-1,-1,-1,-1,-1,-1,-1,-1,-1,-1,-1,-1
129,-1,129,119,125,-1,-1,129,-1,-1,-1,-1,-1,-1,-1,-1,-1,-1,-1,-1,-1,-1,-1,-1,-1,-1,-1,-1,131,123,-1,-1,-1,-1,-1,-1,-1,-1,-1,-1,130,122,110,-1,-1,-1,-1,-1,112,-1,-1,-1,-1,119,-1,-1,-1,-1,-1,-1,135,-1,-1,-1,-1,-1,-1,-1,-1,-1,-1,112,-1,-1,-1,-1,-1,-1,-1,-1,-1,-1,119,-1,-1,-1,-1,-1,-1,-1,-1,-1,-1,-1,123,130,-1,122,-1,-1
-1,-1,125,-1,-1,129,-1,-1,-1,-1,-1,-1,-1,-1,-1,-1,-1,-1,-1,-1,-1,-1,-1,-1,-1,-1,-1,-1,-1,-1,-1,-1,-1,-1,-1,-1,-1,-1,-1,-1,-1,-1,-1,-1,-1,-1,-1,-1,-1,-1,-1,-1,-1,-1,-1,-1,-1,-1,-1,-1,-1,-1,-1,-1,-1,-1,-1,-1,-1,-1,-1,-1,-1,-1,-1,-1,-1,-1,-1,-1,-1,-1,-1,-1,-1,-1,-1,-1,-1,-1,-1,-1,-1,-1,122,-1,-1,130,-1,125
129,122,119,121,-1,-1,122,130,-1,-1,-1,2,-1,-1,-1,-1,-1,-1,-1,-1,-1,-1,-1,-1,-1,-1,-1,-1,-1,-1,-1,-1,-1,-1,-1,-1,-1,-1,-1,-1,-1,-1,-1,-1,-1,-1,-1,119,-1,-1,-1,-1,-1,-1,-1,-1,-1,-1,-1,-1,-1,-1,-1,-1,-1,-1,-1,-1,-1,-1,-1,-1,-1,-1,-1,-1,111,-1,-1,-1,-1,-1,-1,-1,-1,-1,-1,-1,-1,-1,-1,-1,130,-1,-1,-1,-1,113,-1,125
-1,-1,119,-1,-1,-1,-1,-1,-1,-1,-1,-1,-1,-1,-1,-1,-1,-1,-1,-1,-1,-1,-1,-1,-1,-1,-1,-1,-1,-1,-1,-1,-1,-1,-1,-1,-1,-1,-1,-1,-1,-1,-1,-1,-1,-1,-1,-1,-1,-1,119,-1,-1,-1,-1,-1,-1,-1,-1,-1,-1,-1,-1,-1,-1,-1,-1,-1,-1,-1,-1,-1,-1,-1,-1,130,-1,-1,-1,-1,-1,-1,-1,-1,-1,-1,-1,-1,-1,-1,-1,-1,-1,-1,-1,-1,-1,-1,113,125
129,-1,119,-1,-1,-1,130,-1,-1,-1,-1,-1,-1,-1,-1,130,-1,-1,130,-1,-1,-1,-1,-1,-1,-1,-1,-1,-1,-1,-1,-1,-1,-1,-1,-1,-1,-1,-1,-1,-1,-1,-1,-1,-1,-1,-1,-1,-1,-1,-1,-1,-1,-1,-1,-1,-1,-1,-1,-1,-1,3,-1,-1,-1,-1,-1,-1,-1,-1,-1,-1,-1,-1,-1,-1,-1,-1,-1,-1,-1,-1,-1,-1,-1,-1,-1,-1,-1,-1,-1,120,-1,-1,-1,124,-1,-1,-1,125
-1,-1,110,-1,-1,-1,122,-1,-1,130,-1,-1,-1,-1,-1,-1,-1,-1,-1,-1,-1,-1,-1,-1,-1,-1,121,-1,-1,-1,-1,-1,-1,-1,-1,-1,-1,-1,-1,-1,-1,-1,-1,-1,-1,-1,-1,-1,-1,-1,-1,-1,-1,-1,-1,-1,-1,-1,-1,-1,-1,-1,-1,-1,-1,-1,-1,130,-1,122,-1,122,-1,122,-1,122,-1,122,121,-1,-1,-1,-1,-1,134,-1,134,-1,-1,-1,-1,-1,-1,-1,-1,-1,-1,-1,-1,125
129,-1,-1,-1,-1,-1,-1,130,-1,-1,122,-1,-1,122,130,-1,-1,130,-1,130,-1,-1,-1,-1,-1,-1,120,-1,-1,-1,-1,-1,-1,-1,131,-1,135,-1,135,-1,135,-1,-1,-1,-1,-1,-1,-1,-1,-1,-1,-1,-1,-1,-1,-1,-1,-1,-1,-1,-1,-1,-1,-1,-1,-1,-1,-1,122,-1,122,-1,122,-1,122,-1,122,-1,122,-1,105,-1,-1,-1,130,134,-1,-1,-1,-1,-1,120,-1,120,-1,-1,-1,-1,-1,125
-1,122,-1,-1,-1,-1,-1,-1,-1,122,-1,-1,122,-1,-1,122,-1,-1,-1,-1,-1,-1,-1,-1,-1,-1,-1,-1,-1,-1,-1,-1,-1,-1,122,122,-1,-1,-1,-1,-1,-1,-1,-1,-1,-1,-1,-1,-1,-1,-1,-1,-1,-1,-1,-1,-1,-1,-1,-1,-1,-1,-1,-1,-1,-1,-1,-1,-1,-1,-1,122,-1,122,-1,122,-1,-1,-1,-1,-1,-1,-1,-1,-1,-1,-1,-1,-1,-1,-1,-1,-1,-1,-1,-1,135,-1,-1,125
129,-1,-1,-1,-1,-1,-1,130,122,-1,130,122,-1,130,-1,-1,130,-1,-1,130,-1,-1,-1,-1,-1,-1,-1,-1,-1,-1,-1,-1,131,122,111,131,122,135,-1,135,-1,135,-1,-1,111,-1,-1,-1,-1,-1,-1,-1,-1,-1,-1,-1,-1,-1,-1,-1,-1,-1,-1,-1,-1,-1,-1,-1,-1,-1,-1,-1,130,-1,122,-1,-1,-1,-1,-1,-1,-1,-1,-1,-1,-1,-1,-1,-1,-1,-1,120,-1,120,-1,108,-1,-1,-1,125
-1,-1,-1,-1,-1,-1,-1,-1,-1,108,-1,-1,-1,119,-1,125,-1,-1,135,125,119,134,-1,-1,-1,-1,-1,-1,-1,-1,-1,-1,122,-1,-1,-1,-1,-1,-1,-1,-1,-1,-1,-1,-1,-1,-1,-1,-1,-1,-1,-1,-1,-1,-1,131,-1,-1,-1,-1,-1,-1,-1,-1,-1,-1,-1,-1,-1,-1,-1,122,-1,122,-1,122,-1,-1,-1,-1,-1,-1,-1,-1,-1,-1,119,-1,119,-1,-1,-1,-1,-1,-1,-1,-1,-1,-1,-1
129,-1,119,-1,-1,-1,-1,-1,-1,-1,-1,-1,-1,-1,-1,119,130,-1,-1,119,-1,-1,-1,-1,-1,-1,-1,-1,-1,-1,131,122,-1,-1,-1,-1,-1,-1,-1,-1,-1,-1,-1,122,122,-1,-1,-1,-1,109,-1,-1,-1,-1,-1,-1,-1,-1,-1,-1,-1,-1,-1,-1,-1,-1,-1,-1,-1,-1,-1,-1,122,-1,122,-1,-1,-1,-1,-1,-1,-1,-1,-1,-1,119,-1,119,-1,-1,-1,134,-1,108,-1,108,-1,130,-1,125
-1,122,119,-1,-1,-1,-1,-1,-1,-1,-1,-1,-1,-1,-1,-1,119,119,119,-1,-1,-1,-1,-1,-1,-1,-1,-1,-1,-1,-1,-1,-1,-1,-1,-1,-1,-1,-1,-1,-1,131,122,-1,121,-1,131,122,122,-1,-1,-1,-1,-1,131,-1,-1,-1,-1,-1,-1,-1,-1,-1,-1,-1,-1,-1,-1,-1,-1,-1,-1,122,-1,122,-1,-1,-1,-1,-1,-1,-1,-1,-1,-1,-1,-1,-1,130,134,-1,-1,-1,-1,-1,-1,123,-1,125
129,-1,119,-1,-1,-1,-1,-1,-1,-1,-1,-1,-1,-1,-1,-1,-1,-1,-1,-1,-1,-1,-1,-1,-1,-1,-1,-1,-1,-1,-1,-1,-1,-1,-1,-1,-1,-1,-1,-1,-1,-1,-1,-1,-1,-1,-1,-1,122,-1,-1,109,-1,-1,-1,-1,-1,-1,-1,-1,-1,-1,-1,-1,-1,-1,-1,-1,-1,-1,-1,-1,-1,-1,122,-1,122,-1,-1,-1,-1,-1,-1,-1,-1,-1,-1,-1,-1,-1,-1,-1,-1,-1,-1,-1,-1,-1,-1,125
-1,-1,110,-1,-1,-1,-1,-1,-1,-1,-1,-1,-1,-1,-1,-1,-1,-1,-1,-1,-1,-1,-1,-1,-1,-1,-1,-1,-1,-1,-1,-1,-1,-1,-1,-1,-1,-1,131,-1,-1,-1,-1,-1,-1,-1,-1,-1,131,-1,-1,-1,-1,131,-1,-1,-1,-1,-1,-1,-1,-1,-1,-1,-1,-1,-1,-1,-1,-1,-1,-1,-1,-1,-1,122,-1,-1,-1,-1,-1,-1,-1,-1,130,-1,111,-1,-1,-1,-1,-1,-1,-1,-1,-1,-1,123,-1,125
-1,-1,110,-1,-1,-1,-1,-1,-1,-1,-1,125,-1,-1,-1,-1,-1,-1,-1,-1,-1,-1,-1,111,-1,-1,-1,-1,-1,-1,-1,-1,-1,-1,-1,-1,-1,-1,-1,-1,-1,-1,-1,-1,-1,-1,-1,-1,-1,133,131,-1,-1,133,-1,-1,-1,-1,-1,-1,-1,-1,-1,-1,-1,-1,-1,-1,-1,-1,-1,-1,-1,-1,-1,-1,-1,-1,-1,-1,-1,-1,-1,-1,-1,-1,-1,-1,-1,-1,-1,-1,-1,-1,-1,-1,-1,-1,-1,125
129,-1,-1,122,122,-1,-1,-1,-1,130,-1,-1,-1,-1,-1,-1,-1,-1,-1,-1,-1,-1,-1,-1,-1,-1,-1,-1,-1,-1,-1,-1,-1,-1,-1,-1,131,-1,-1,-1,-1,-1,-1,-1,-1,111,-1,-1,-1,-1,133,-1,133,-1,133,-1,-1,-1,-1,-1,-1,-1,-1,-1,-1,-1,-1,-1,-1,-1,-1,-1,-1,-1,-1,-1,-1,-1,-1,-1,-1,-1,-1,-1,-1,-1,123,-1,-1,-1,-1,-1,-1,-1,-1,130,-1,-1,-1,125
-1,-1,-1,134,-1,-1,-1,-1,-1,-1,-1,-1,-1,-1,-1,-1,-1,-1,-1,-1,-1,-1,-1,-1,-1,-1,-1,-1,-1,-1,-1,-1,-1,131,-1,-1,133,-1,-1,-1,-1,-1,-1,-1,-1,-1,-1,-1,-1,133,-1,133,-1,133,-1,133,-1,-1,133,-1,127,-1,-1,-1,-1,-1,-1,-1,-1,-1,-1,-1,-1,-1,-1,-1,-1,-1,-1,-1,-1,-1,-1,-1,-1,-1,130,-1,-1,-1,-1,-1,-1,-1,-1,134,-1,-1,-1,-1
129,-1,-1,-1,-1,-1,-1,-1,-1,-1,-1,-1,-1,-1,111,-1,-1,-1,-1,-1,134,-1,-1,-1,-1,-1,-1,-1,-1,-1,-1,-1,-1,-1,133,133,-1,-1,111,-1,-1,-1,-1,-1,-1,-1,-1,-1,-1,-1,133,-1,133,-1,133,133,-1,133,-1,133,-1,-1,135,-1,-1,-1,-1,-1,-1,-1,-1,-1,-1,-1,-1,-1,-1,-1,-1,-1,-1,105,-1,-1,-1,-1,-1,-1,-1,-1,-1,-1,-1,-1,-1,-1,134,130,-1,-1
-1,-1,-1,-1,-1,-1,-1,-1,-1,-1,-1,-1,-1,-1,-1,-1,-1,-1,125,-1,122,-1,-1,-1,-1,-1,-1,-1,-1,-1,-1,-1,-1,-1,-1,-1,-1,-1,-1,-1,-1,-1,-1,-1,-1,-1,-1,-1,-1,-1,133,-1,133,-1,133,-1,133,-1,133,-1,133,131,-1,-1,-1,-1,-1,-1,-1,-1,-1,-1,-1,-1,-1,-1,-1,123,-1,-1,-1,-1,-1,-1,-1,123,-1,-1,-1,-1,-1,-1,134,130,-1,-1,-1,-1,134,125
129,-1,-1,126,-1,-1,-1,-1,-1,-1,122,122,122,-1,-1,-1,-1,-1,131,-1,-1,-1,-1,-1,-1,-1,-1,-1,-1,-1,-1,-1,-1,-1,-1,-1,-1,-1,-1,-1,-1,-1,-1,-1,-1,-1,-1,-1,-1,-1,-1,-1,-1,-1,-1,-1,-1,-1,-1,-1,-1,-1,120,131,-1,111,-1,-1,-1,-1,-1,-1,-1,-1,-1,-1,-1,130,-1,-1,-1,-1,111,130,-1,-1,-1,-1,-1,-1,-1,-1,-1,134,-1,-1,-1,-1,-1,125
-1,-1,-1,126,-1,-1,-1,-1,-1,-1,134,122,122,-1,-1,-1,-1,-1,-1,-1,-1,-1,-1,-1,-1,135,-1,122,-1,-1,-1,-1,-1,-1,-1,-1,-1,-1,-1,-1,-1,-1,-1,-1,-1,-1,-1,-1,-1,-1,-1,-1,-1,-1,-1,-1,-1,-1,-1,-1,-1,-1,-1,-1,-1,-1,-1,-1,-1,-1,-1,-1,-1,-1,-1,-1,-1,-1,-1,-1,-1,-1,-1,-1,-1,-1,-1,-1,-1,-1,-1,-1,-1,-1,-1,-1,114,-1,-1,125
130,-1,-1,126,-1,-1,123,-1,-1,-1,122,122,122,-1,-1,-1,-1,-1,-1,-1,-1,-1,-1,-1,-1,-1,-1,-1,122,-1,-1,-1,-1,-1,-1,-1,-1,-1,-1,-1,111,-1,-1,-1,-1,-1,-1,-1,-1,131,-1,-1,-1,-1,-1,-1,-1,-1,-1,-1,-1,-1,-1,-1,-1,-1,-1,-1,-1,-1,-1,-1,-1,-1,-1,-1,-1,-1,-1,-1,-1,123,-1,-1,-1,-1,-1,-1,-1,-1,-1,-1,-1,-1,-1,-1,-1,-1,-1,125
-1,-1,-1,126,-1,-1,-1,-1,-1,-1,-1,-1,-1,-1,-1,-1,-1,-1,-1,-1,-1,-1,-1,-1,-1,108,131,-1,-1,-1,-1,-1,-1,-1,-1,-1,-1,-1,-1,-1,-1,-1,-1,-1,-1,-1,-1,-1,-1,-1,-1,-1,131,-1,-1,-1,-1,-1,-1,-1,-1,-1,-1,-1,-1,-1,-1,-1,-1,-1,-1,-1,-1,123,-1,-1,-1,-1,-1,130,-1,-1,-1,-1,-1,-1,-1,-1,-1,-1,-1,-1,-1,-1,-1,-1,-1,-1,-1,125
-1,-1,-1,126,130,-1,-1,-1,-1,-1,-1,-1,-1,-1,-1,-1,-1,-1,-1,-1,-1,-1,-1,-1,-1,133,133,-1,133,-1,-1,-1,-1,-1,-1,-1,-1,-1,-1,-1,-1,-1,-1,-1,-1,-1,-1,-1,130,-1,-1,-1,-1,-1,-1,-1,-1,-1,-1,-1,-1,-1,-1,-1,-1,-1,122,122,122,122,122,122,-1,-1,-1,-1,-1,-1,-1,-1,-1,-1,-1,-1,-1,-1,-1,-1,-1,-1,-1,-1,-1,-1,-1,-1,-1,-1,-1,125
130,-1,-1,126,-1,-1,123,-1,-1,-1,-1,-1,-1,-1,-1,-1,-1,-1,-1,-1,-1,-1,-1,-1,-1,133,-1,133,-1,-1,-1,-1,-1,-1,-1,-1,-1,-1,-1,-1,-1,-1,-1,105,-1,-1,-1,-1,-1,-1,-1,130,-1,-1,-1,-1,-1,-1,-1,-1,-1,-1,-1,-1,-1,-1,-1,-1,-1,-1,-1,-1,130,-1,-1,-1,-1,-1,-1,-1,-1,-1,-1,-1,-1,-1,-1,-1,-1,-1,-1,-1,-1,123,-1,-1,123,-1,-1,-1
-1,-1,-1,126,-1,-1,-1,-1,-1,-1,-1,-1,-1,-1,-1,-1,-1,-1,-1,-1,-1,-1,-1,-1,133,-1,133,-1,-1,-1,-1,-1,-1,-1,-1,-1,-1,-1,-1,105,-1,-1,-1,-1,-1,-1,-1,-1,-1,-1,-1,-1,-1,130,-1,-1,114,-1,-1,-1,122,122,-1,-1,-1,-1,130,-1,134,130,-1,-1,-1,-1,-1,-1,-1,-1,-1,-1,-1,-1,-1,-1,-1,-1,134,-1,-1,-1,-1,130,-1,-1,123,-1,-1,130,134,-1
-1,-1,-1,126,130,-1,-1,-1,-1,-1,-1,-1,2,-1,-1,-1,-1,135,-1,-1,-1,-1,-1,-1,-1,-1,-1,-1,-1,-1,-1,-1,-1,-1,-1,-1,-1,105,-1,-1,-1,-1,-1,-1,-1,-1,-1,-1,-1,-1,-1,-1,-1,-1,-1,-1,-1,-1,-1,-1,-1,-1,-1,-1,130,-1,134,-1,-1,-1,-1,-1,-1,-1,-1,-1,-1,-1,-1,-1,-1,-1,-1,-1,130,-1,-1,-1,-1,-1,105,-1,-1,-1,-1,-1,-1,-1,-1,125
130,-1,-1,126,-1,-1,-1,123,-1,-1,-1,-1,-1,-1,-1,-1,-1,-1,-1,131,-1,-1,-1,-1,-1,-1,-1,-1,-1,-1,-1,-1,-1,-1,-1,-1,-1,-1,-1,-1,-1,-1,120,-1,-1,-1,-1,-1,-1,-1,-1,-1,-1,-1,-1,132,-1,-1,131,110,-1,131,-1,-1,134,-1,-1,-1,134,-1,-1,-1,-1,-1,-1,-1,-1,-1,-1,-1,-1,-1,-1,-1,-1,-1,-1,-1,-1,-1,-1,-1,-1,-1,-1,-1,-1,-1,-1,125
-1,-1,-1,126,-1,-1,123,-1,123,-1,-1,-1,-1,-1,-1,-1,-1,-1,-1,-1,-1,-1,-1,-1,-1,-1,-1,-1,-1,-1,-1,-1,-1,-1,-1,-1,-1,-1,-1,-1,120,-1,-1,-1,120,-1,-1,-1,-1,-1,-1,-1,-1,-1,-1,-1,-1,-1,-1,-1,-1,-1,-1,-1,-1,-1,134,-1,-1,-1,-1,-1,-1,-1,-1,-1,-1,-1,-1,-1,-1,-1,-1,105,-1,-1,-1,-1,-1,-1,133,-1,-1,-1,133,-1,-1,-1,-1,125
-1,-1,-1,126,130,-1,-1,123,-1,123,-1,123,-1,-1,-1,-1,-1,-1,-1,-1,-1,131,-1,-1,-1,-1,-1,-1,-1,-1,-1,-1,-1,-1,-1,-1,-1,120,-1,-1,-1,-1,-1,-1,-1,132,-1,-1,130,-1,-1,-1,-1,-1,-1,-1,-1,-1,-1,112,-1,-1,-1,129,134,-1,-1,-1,-1,-1,-1,-1,-1,130,-1,-1,-1,-1,-1,-1,-1,-1,-1,-1,-1,-1,134,133,-1,127,-1,-1,-1,133,-1,-1,-1,-1,-1,125
-1,-1,124,126,-1,-1,123,-1,123,-1,123,-1,-1,-1,-1,-1,-1,-1,-1,-1,-1,-1,-1,-1,-1,-1,-1,-1,-1,-1,-1,-1,-1,-1,120,-1,-1,-1,-1,120,-1,-1,-1,-1,-1,-1,-1,119,-1,-1,119,119,119,-1,-1,-1,-1,-1,-1,-1,-1,-1,-1,-1,-1,-1,-1,-1,-1,-1,-1,-1,-1,-1,-1,-1,130,-1,-1,-1,-1,-1,-1,-1,-1,-1,-1,-1,-1,-1,134,130,133,-1,-1,-1,-1,-1,-1,125
130,-1,-1,126,-1,-1,-1,123,-1,123,-1,123,-1,-1,-1,-1,-1,-1,-1,-1,-1,-1,-1,-1,-1,-1,-1,-1,-1,-1,111,-1,-1,120,-1,-1,120,-1,-1,-1,-1,131,133,-1,-1,132,-1,133,119,-1,130,-1,-1,119,119,-1,-1,1,-1,-1,-1,-1,129,-1,-1,-1,-1,-1,-1,-1,-1,-1,-1,-1,-1,-1,-1,-1,-1,-1,-1,-1,-1,-1,130,-1,133,130,-1,-1,-1,-1,-1,-1,130,133,-1,-1,-1,125
-1,-1,-1,126,-1,-1,-1,-1,123,-1,123,-1,-1,-1,-1,-1,-1,-1,-1,131,-1,-1,-1,-1,131,-1,-1,-1,-1,-1,-1,-1,-1,-1,133,-1,-1,-1,133,119,-1,-1,134,132,-1,-1,-1,-1,132,-1,119,134,-1,-1,133,-1,-1,-1,-1,-1,-1,-1,-1,-1,131,-1,-1,-1,-1,-1,-1,-1,130,-1,-1,130,-1,-1,-1,-1,-1,-1,-1,-1,-1,-1,-1,-1,133,-1,-1,111,-1,-1,-1,-1,133,-1,-1,-1
126,-1,-1,-1,-1,-1,-1,123,-1,123,-1,-1,-1,-1,-1,-1,-1,-1,-1,111,-1,111,-1,-1,-1,-1,-1,131,-1,131,-1,133,131,-1,-1,131,133,-1,-1,131,-1,-1,-1,-1,-1,-1,-1,-1,-1,-1,-1,-1,130,119,119,-1,-1,-1,-1,-1,129,-1,-1,-1,-1,-1,-1,-1,-1,-1,-1,-1,-1,-1,-1,-1,-1,-1,-1,-1,-1,-1,-1,-1,-1,-1,-1,-1,-1,-1,-1,-1,-1,-1,111,-1,130,-1,-1,-1
-1,-1,-1,-1,-1,-1,-1,-1,122,119,-1,-1,-1,-1,-1,-1,-1,131,-1,-1,-1,-1,131,-1,-1,131,-1,-1,-1,-1,-1,-1,-1,-1,-1,-1,-1,131,-1,-1,-1,-1,110,-1,-1,-1,-1,-1,-1,-1,-1,-1,-1,-1,-1,-1,-1,-1,-1,-1,-1,-1,131,-1,-1,-1,-1,-1,-1,-1,-1,-1,-1,-1,134,-1,-1,-1,-1,-1,-1,-1,-1,-1,-1,-1,-1,-1,-1,-1,-1,-1,-1,-1,-1,-1,-1,-1,-1,-1
-1,-1,-1,-1,135,126,130,122,122,-1,-1,-1,-1,-1,-1,-1,-1,-1,-1,126,-1,-1,-1,-1,-1,-1,-1,121,-1,-1,-1,-1,-1,121,-1,-1,-1,-1,125,-1,-1,111,-1,-1,-1,-1,-1,-1,-1,-1,-1,-1,-1,-1,-1,-1,-1,-1,-1,129,-1,128,-1,-1,-1,-1,-1,-1,-1,-1,-1,-1,-1,-1,-1,-1,130,-1,-1,-1,-1,-1,-1,-1,-1,-1,-1,-1,-1,-1,-1,-1,-1,-1,-1,-1,111,-1,-1,-1
-1,-1,130,-1,-1,-1,-1,-1,-1,-1,-1,-1,-1,-1,-1,-1,133,-1,-1,-1,-1,-1,-1,131,-1,-1,-1,-1,-1,-1,121,-1,-1,-1,-1,-1,-1,-1,-1,-1,-1,-1,-1,-1,-1,119,119,119,-1,-1,-1,-1,-1,-1,-1,-1,-1,-1,-1,-1,108,-1,-1,-1,-1,-1,-1,-1,-1,-1,-1,-1,130,-1,-1,134,-1,-1,-1,-1,-1,-1,-1,-1,-1,-1,-1,-1,-1,-1,-1,-1,-1,-1,-1,-1,-1,130,-1,-1
-1,-1,-1,121,-1,-1,-1,-1,-1,-1,-1,-1,-1,-1,-1,-1,134,131,-1,134,133,-1,-1,-1,-1,-1,-1,-1,-1,-1,-1,-1,-1,-1,-1,-1,-1,-1,-1,-1,-1,-1,-1,-1,-1,131,119,119,-1,-1,-1,-1,-1,-1,-1,-1,-1,-1,-1,-1,-1,-1,-1,-1,-1,-1,-1,-1,-1,-1,-1,-1,-1,-1,-1,-1,-1,-1,-1,-1,-1,-1,-1,-1,133,-1,-1,-1,-1,-1,-1,-1,-1,-1,-1,-1,-1,-1,-1,-1
130,-1,-1,-1,-1,-1,-1,-1,-1,-1,-1,-1,-1,133,131,-1,-1,122,133,-1,-1,-1,-1,-1,-1,-1,-1,-1,-1,-1,-1,-1,-1,-1,-1,-1,-1,-1,-1,-1,-1,-1,-1,-1,-1,-1,-1,-1,-1,-1,-1,-1,-1,-1,-1,-1,-1,-1,-1,-1,-1,-1,-1,-1,-1,-1,-1,-1,-1,-1,-1,-1,-1,-1,-1,-1,-1,-1,-1,-1,-1,-1,-1,133,-1,-1,-1,-1,-1,-1,-1,-1,-1,-1,-1,-1,-1,-1,-1,-1
-1,-1,-1,-1,-1,-1,-1,-1,-1,-1,-1,-1,-1,-1,-1,133,-1,-1,-1,-1,-1,133,-1,-1,-1,-1,-1,-1,-1,-1,-1,-1,-1,-1,-1,-1,-1,-1,-1,-1,-1,-1,-1,-1,-1,-1,-1,-1,-1,-1,-1,-1,-1,133,-1,133,-1,-1,-1,-1,-1,-1,-1,-1,-1,-1,-1,-1,-1,-1,-1,-1,-1,-1,-1,-1,-1,-1,-1,-1,-1,-1,133,-1,133,-1,133,-1,-1,-1,-1,-1,-1,-1,-1,-1,-1,133,-1,-1
-1,-1,-1,-1,-1,111,-1,-1,-1,-1,-1,-1,133,-1,-1,-1,-1,-1,-1,-1,-1,-1,-1,-1,133,-1,-1,-1,-1,-1,-1,-1,-1,-1,-1,-1,-1,-1,-1,-1,-1,-1,-1,-1,-1,-1,-1,-1,-1,-1,-1,-1,-1,131,-1,-1,-1,-1,-1,-1,-1,-1,-1,-1,-1,-1,-1,-1,-1,-1,-1,-1,-1,-1,-1,-1,-1,-1,-1,-1,133,-1,-1,133,-1,133,-1,133,-1,-1,-1,-1,-1,133,-1,127,122,-1,-1,-1
-1,-1,-1,-1,-1,-1,-1,-1,-1,-1,-1,-1,-1,-1,-1,-1,-1,-1,-1,-1,-1,-1,-1,122,-1,-1,-1,-1,-1,-1,-1,-1,-1,-1,-1,-1,-1,-1,-1,-1,-1,-1,-1,-1,-1,-1,-1,-1,-1,-1,-1,-1,-1,-1,-1,-1,-1,-1,-1,-1,-1,-1,-1,-1,-1,-1,-1,-1,-1,-1,-1,-1,-1,-1,-1,-1,-1,-1,-1,-1,133,-1,133,-1,-1,-1,-1,-1,-1,-1,-1,-1,-1,130,122,-1,133,130,-1,-1
-1,-1,-1,-1,-1,-1,-1,-1,-1,-1,-1,-1,-1,-1,133,-1,111,-1,-1,-1,-1,-1,-1,-1,-1,-1,-1,-1,-1,-1,-1,-1,-1,-1,-1,-1,-1,-1,-1,-1,-1,-1,-1,-1,-1,-1,-1,-1,-1,-1,-1,-1,-1,-1,-1,124,-1,-1,-1,-1,-1,-1,-1,-1,-1,-1,-1,-1,-1,-1,-1,-1,-1,-1,-1,-1,-1,-1,-1,133,-1,-1,-1,133,130,133,-1,-1,-1,-1,-1,-1,-1,-1,-1,-1,-1,-1,133,125
-1,-1,-1,-1,-1,-1,-1,-1,-1,-1,-1,133,-1,-1,-1,-1,-1,-1,-1,-1,-1,-1,-1,133,-1,-1,-1,-1,-1,-1,-1,-1,-1,-1,-1,-1,-1,-1,-1,-1,-1,-1,134,-1,-1,-1,-1,-1,-1,-1,-1,-1,-1,124,-1,-1,-1,-1,-1,-1,-1,-1,-1,-1,-1,-1,-1,-1,-1,-1,-1,-1,-1,-1,-1,-1,-1,-1,-1,-1,130,-1,133,-1,133,-1,133,127,-1,-1,-1,-1,-1,-1,-1,-1,-1,-1,110,125
130,-1,-1,-1,-1,-1,-1,-1,-1,133,-1,-1,-1,-1,-1,-1,-1,-1,-1,-1,-1,-1,-1,-1,-1,-1,-1,-1,-1,-1,-1,-1,-1,-1,-1,-1,-1,-1,-1,-1,-1,130,-1,-1,-1,-1,-1,-1,-1,-1,108,124,-1,-1,-1,-1,-1,-1,-1,135,-1,124,-1,-1,-1,-1,-1,-1,-1,-1,-1,-1,-1,-1,-1,-1,-1,-1,-1,-1,-1,133,-1,133,-1,133,-1,-1,-1,-1,-1,-1,-1,-1,-1,-1,-1,-1,-1,125
-1,-1,-1,-1,-1,-1,-1,-1,-1,131,-1,-1,-1,-1,-1,-1,-1,-1,-1,111,-1,-1,-1,-1,133,-1,-1,-1,-1,-1,-1,-1,-1,-1,-1,-1,-1,110,-1,-1,-1,-1,-1,-1,-1,-1,-1,-1,-1,-1,-1,-1,-1,119,124,-1,-1,-1,-1,-1,-1,-1,-1,131,-1,-1,-1,-1,-1,-1,-1,-1,-1,-1,-1,-1,-1,-1,-1,-1,-1,-1,133,-1,133,-1,-1,-1,-1,-1,-1,-1,-1,-1,-1,-1,-1,121,-1,125
-1,-1,-1,-1,-1,-1,-1,-1,-1,-1,126,122,-1,-1,-1,-1,-1,-1,-1,-1,-1,-1,-1,-1,-1,-1,-1,-1,-1,-1,-1,-1,-1,-1,-1,-1,-1,-1,-1,110,-1,-1,-1,-1,-1,-1,-1,-1,-1,-1,131,134,-1,119,-1,-1,131,-1,124,-1,-1,-1,-1,-1,-1,-1,-1,-1,-1,-1,-1,-1,-1,-1,-1,-1,-1,-1,-1,-1,120,-1,-1,-1,-1,-1,-1,-1,-1,-1,-1,-1,-1,-1,-1,-1,-1,110,110,125
130,-1,-1,-1,-1,-1,-1,-1,-1,-1,133,131,-1,-1,-1,-1,-1,-1,-1,-1,122,133,-1,-1,-1,-1,-1,-1,-1,-1,-1,-1,-1,-1,-1,-1,110,111,-1,-1,-1,-1,-1,-1,-1,-1,114,-1,-1,-1,119,119,-1,-1,-1,-1,-1,-1,-1,-1,130,-1,-1,-1,-1,112,-1,-1,-1,-1,-1,-1,-1,122,-1,-1,-1,-1,-1,120,-1,120,-1,-1,-1,123,-1,-1,-1,-1,-1,-1,-1,-1,-1,-1,-1,-1,-1,125
-1,125,-1,-1,-1,-1,-1,-1,-1,-1,-1,122,126,-1,-1,-1,-1,-1,133,-1,-1,-1,-1,-1,-1,111,-1,-1,-1,-1,-1,-1,-1,-1,-1,-1,-1,-1,110,-1,-1,-1,-1,-1,-1,-1,-1,-1,-1,-1,-1,-1,-1,-1,-1,-1,-1,130,-1,-1,126,122,-1,-1,-1,-1,-1,-1,-1,122,130,-1,-1,130,122,-1,-1,-1,120,-1,120,-1,-1,-1,123,-1,123,-1,-1,-1,-1,-1,-1,-1,-1,-1,-1,-1,-1,125
125,-1,130,-1,-1,-1,-1,-1,-1,-1,-1,-1,133,131,119,125,-1,-1,-1,-1,-1,-1,-1,-1,-1,-1,-1,-1,-1,-1,-1,-1,-1,-1,-1,-1,-1,-1,-1,-1,-1,-1,-1,-1,-1,-1,-1,-1,-1,-1,-1,-1,-1,-1,-1,-1,-1,-1,-1,-1,-1,-1,130,-1,122,-1,-1,130,122,-1,122,-1,126,-1,-1,-1,130,-1,-1,-1,-1,-1,-1,-1,-1,-1,-1,-1,-1,-1,-1,-1,-1,-1,-1,-1,-1,121,-1,125
-1,125,124,-1,130,-1,-1,-1,-1,-1,-1,-1,-1,-1,-1,-1,-1,-1,-1,-1,-1,-1,-1,-1,-1,-1,-1,-1,-1,-1,-1,-1,-1,-1,-1,-1,-1,-1,-1,-1,-1,-1,108,-1,-1,-1,-1,-1,-1,-1,-1,-1,-1,-1,-1,-1,130,-1,-1,-1,-1,-1,-1,122,-1,122,126,-1,-1,-1,110,111,-1,110,130,133,-1,126,-1,-1,-1,-1,-1,-1,-1,-1,-1,105,-1,-1,-1,-1,-1,-1,-1,-1,-1,110,110,125
125,-1,-1,-1,-1,-1,-1,-1,-1,-1,-1,-1,-1,-1,-1,-1,-1,-1,-1,-1,-1,-1,-1,-1,-1,-1,-1,134,131,-1,126,-1,-1,-1,-1,-1,-1,-1,-1,134,-1,-1,-1,-1,-1,-1,-1,-1,130,-1,-1,-1,-1,-1,-1,-1,-1,-1,-1,-1,110,110,-1,130,122,-1,-1,-1,-1,-1,-1,-1,-1,-1,-1,-1,-1,-1,-1,105,-1,-1,-1,-1,133,-1,-1,-1,-1,-1,-1,-1,-1,-1,-1,-1,-1,-1,-1,125
-1,-1,-1,-1,-1,130,-1,-1,-1,-1,-1,-1,-1,-1,-1,-1,-1,-1,-1,-1,-1,-1,-1,-1,-1,-1,-1,119,-1,119,-1,119,-1,-1,-1,-1,-1,-1,-1,130,122,-1,-1,-1,-1,-1,-1,-1,-1,-1,-1,-1,-1,-1,-1,130,-1,-1,-1,-1,-1,-1,-1,-1,-1,-1,-1,-1,-1,-1,-1,-1,-1,-1,-1,-1,-1,-1,-1,-1,-1,-1,-1,-1,-1,-1,-1,-1,-1,-1,-1,-1,-1,-1,123,-1,-1,-1,-1,125
125,-1,-1,-1,-1,-1,-1,-1,-1,-1,-1,-1,-1,-1,-1,-1,110,111,-1,-1,-1,-1,134,-1,-1,-1,-1,-1,119,-1,119,-1,119,-1,-1,-1,-1,134,-1,-1,-1,-1,-1,-1,-1,-1,-1,-1,130,-1,-1,-1,-1,-1,-1,-1,133,-1,122,133,-1,-1,-1,-1,-1,-1,-1,-1,-1,-1,-1,105,-1,-1,-1,-1,-1,-1,-1,-1,-1,-1,130,-1,-1,-1,-1,-1,-1,-1,-1,-1,-1,-1,-1,-1,-1,121,-1,125
-1,-1,-1,111,-1,-1,-1,130,-1,-1,110,-1,-1,-1,-1,-1,-1,-1,-1,-1,-1,131,-1,-1,-1,-1,-1,119,-1,119,-1,119,-1,-1,-1,-1,-1,-1,-1,-1,-1,-1,-1,-1,-1,-1,-1,-1,-1,-1,-1,-1,-1,130,-1,-1,-1,130,-1,-1,-1,-1,-1,-1,-1,-1,-1,-1,-1,-1,-1,-1,-1,-1,-1,-1,-1,-1,-1,-1,-1,-1,-1,-1,-1,-1,-1,-1,-1,-1,-1,105,130,-1,-1,-1,-1,110,110,125
125,-1,-1,-1,-1,-1,-1,-1,-1,-1,-1,111,-1,-1,-1,-1,-1,-1,-1,-1,-1,-1,-1,-1,-1,-1,-1,-1,119,-1,119,-1,119,-1,-1,-1,-1,-1,-1,-1,-1,-1,-1,-1,-1,-1,-1,130,119,-1,130,-1,-1,122,-1,-1,-1,133,-1,-1,-1,-1,-1,-1,-1,-1,-1,-1,-1,-1,-1,-1,-1,-1,-1,-1,-1,-1,-1,-1,-1,-1,-1,-1,-1,-1,-1,-1,-1,-1,-1,-1,133,134,-1,-1,-1,-1,-1,125
-1,125,-1,-1,-1,-1,-1,-1,-1,-1,-1,-1,-1,-1,-1,-1,-1,-1,-1,-1,-1,-1,-1,-1,111,-1,-1,-1,-1,119,-1,119,-1,-1,-1,-1,-1,-1,-1,-1,-1,-1,-1,-1,-1,-1,-1,-1,119,-1,133,122,-1,-1,-1,-1,-1,-1,-1,-1,133,-1,-1,-1,-1,-1,-1,-1,-1,-1,-1,-1,-1,-1,-1,-1,-1,-1,-1,-1,-1,-1,-1,-1,-1,-1,-1,-1,-1,-1,-1,-1,-1,-1,133,-1,-1,-1,-1,125
125,-1,133,133,133,-1,-1,-1,-1,-1,-1,-1,-1,-1,-1,-1,-1,-1,-1,-1,-1,-1,-1,-1,-1,-1,-1,-1,119,-1,119,-1,-1,119,-1,-1,-1,-1,-1,-1,-1,-1,-1,-1,-1,-1,-1,-1,130,-1,-1,130,-1,-1,-1,-1,-1,-1,-1,-1,-1,-1,-1,-1,-1,-1,-1,-1,-1,-1,-1,-1,-1,-1,-1,-1,-1,-1,-1,-1,-1,-1,-1,-1,105,-1,-1,-1,-1,-1,-1,-1,-1,133,-1,-1,-1,121,-1,125
-1,125,133,133,133,133,-1,-1,-1,-1,-1,-1,-1,-1,-1,111,-1,-1,-1,-1,-1,-1,-1,-1,-1,-1,-1,119,-1,119,-1,128,-1,-1,-1,105,-1,-1,-1,-1,-1,-1,-1,-1,-1,-1,-1,-1,-1,134,-1,-1,-1,-1,-1,-1,-1,133,-1,-1,-1,-1,-1,-1,-1,-1,-1,-1,-1,-1,-1,123,-1,-1,-1,-1,-1,-1,-1,-1,-1,-1,-1,-1,-1,-1,-1,-1,-1,-1,-1,-1,-1,-1,-1,-1,-1,110,110,125
125,133,133,133,133,133,-1,-1,-1,-1,-1,-1,-1,-1,-1,-1,110,-1,-1,-1,-1,-1,-1,126,-1,-1,119,-1,119,-1,111,-1,-1,-1,-1,-1,-1,105,-1,-1,-1,-1,-1,-1,-1,-1,-1,-1,-1,-1,-1,-1,-1,-1,-1,-1,-1,-1,-1,-1,-1,-1,-1,-1,133,-1,-1,-1,-1,-1,-1,-1,-1,-1,-1,-1,-1,-1,-1,-1,-1,-1,-1,-1,-1,-1,-1,-1,-1,-1,-1,-1,-1,-1,-1,-1,-1,-1,-1,125
-1,125,133,133,133,133,-1,-1,-1,111,-1,-1,-1,-1,-1,-1,-1,-1,-1,-1,-1,-1,-1,-1,-1,119,-1,119,119,119,-1,-1,-1,-1,-1,-1,-1,-1,-1,-1,-1,-1,-1,-1,-1,-1,-1,-1,-1,-1,-1,-1,-1,-1,-1,-1,-1,-1,133,-1,-1,-1,-1,-1,130,-1,-1,-1,-1,-1,-1,-1,-1,-1,-1,-1,-1,-1,-1,-1,-1,-1,-1,-1,-1,-1,-1,-1,-1,-1,-1,-1,-1,-1,-1,-1,-1,-1,-1,125
125,-1,-1,-1,-1,-1,-1,-1,-1,110,-1,-1,-1,-1,-1,-1,-1,-1,-1,-1,131,-1,135,-1,-1,-1,-1,-1,-1,-1,-1,-1,-1,-1,-1,-1,-1,133,-1,-1,-1,-1,-1,-1,-1,-1,-1,-1,-1,-1,-1,-1,3,-1,-1,-1,-1,-1,-1,-1,-1,-1,-1,-1,-1,133,-1,-1,-1,-1,-1,-1,-1,-1,-1,-1,130,-1,-1,-1,-1,-1,-1,-1,-1,-1,-1,-1,-1,-1,-1,-1,-1,-1,-1,-1,-1,121,-1,125
-1,-1,-1,-1,-1,-1,-1,-1,-1,-1,-1,-1,-1,-1,-1,-1,-1,-1,-1,-1,-1,-1,-1,-1,-1,-1,-1,-1,-1,-1,-1,-1,-1,133,-1,-1,-1,-1,-1,-1,133,-1,-1,-1,-1,-1,-1,-1,-1,-1,-1,-1,-1,-1,-1,-1,-1,-1,133,-1,-1,-1,-1,-1,-1,130,-1,-1,-1,-1,-1,-1,-1,-1,-1,-1,-1,-1,130,-1,-1,-1,-1,-1,-1,-1,-1,-1,130,-1,-1,-1,2,-1,-1,-1,-1,-1,-1,-1
-1,-1,-1,-1,-1,-1,-1,-1,-1,-1,-1,-1,-1,-1,-1,-1,-1,-1,-1,-1,-1,-1,-1,-1,-1,-1,-1,-1,-1,-1,-1,-1,-1,-1,-1,-1,-1,-1,-1,-1,122,122,-1,-1,-1,-1,-1,-1,-1,-1,-1,-1,-1,-1,-1,-1,-1,-1,-1,-1,-1,-1,-1,111,-1,110,-1,-1,-1,-1,-1,114,-1,-1,-1,-1,-1,-1,-1,-1,135,-1,-1,-1,-1,-1,-1,-1,-1,-1,-1,-1,-1,-1,-1,-1,-1,-1,-1,-1
-1,-1,105,-1,-1,-1,-1,110,-1,-1,-1,-1,-1,-1,-1,-1,-1,-1,-1,-1,-1,-1,-1,-1,-1,-1,-1,-1,-1,-1,-1,-1,-1,-1,-1,-1,-1,-1,133,-1,-1,126,-1,-1,-1,133,-1,-1,-1,-1,-1,133,-1,-1,133,-1,-1,133,120,-1,112,-1,-1,-1,-1,-1,120,130,-1,-1,-1,-1,-1,-1,-1,130,-1,-1,127,-1,-1,-1,-1,-1,-1,-1,-1,130,-1,-1,-1,-1,-1,-1,-1,135,133,130,-1,-1
-1,-1,-1,-1,-1,-1,-1,-1,-1,-1,114,-1,-1,-1,-1,110,110,-1,110,-1,-1,-1,-1,-1,-1,-1,123,-1,-1,123,-1,-1,-1,-1,121,-1,-1,-1,-1,-1,-1,-1,-1,-1,-1,-1,-1,-1,-1,-1,-1,-1,-1,-1,-1,-1,-1,-1,-1,120,121,-1,121,-1,-1,120,-1,-1,-1,-1,123,-1,123,-1,-1,-1,135,-1,135,-1,-1,130,-1,-1,-1,-1,-1,-1,-1,-1,-1,-1,125,130,-1,-1,-1,-1,135,-1
131,-1,-1,131,-1,131,-1,-1,125,125,125,125,125,131,-1,-1,131,-1,131,-1,125,125,125,125,131,122,122,131,122,122,131,122,122,125,125,125,125,125,131,-1,135,-1,130,-1,-1,130,-1,-1,130,-1,-1,130,-1,-1,130,-1,-1,130,-1,-1,125,125,125,125,125,125,130,-1,130,-1,-1,125,125,130,-1,-1,125,125,125,125,125,125,125,130,-1,-1,130,-1,-1,130,-1,-1,125,-1,-1,125,130,-1,-1,-1
